Acanthodesmia_viniculata,Acanthosphaera_spp.,Acrobotrys_teralans,Actinomma_antarcticum,Actinomma_boreale,Actinomma_leptodermum_s.l.,Actinomma_medianum,Actinomma_sol,Actinomma_spp.,Actinomma_trinacria,Amphiplecta_acrostoma,Anomalocantha_dentata,Antarctissa_denticulata,Antarctissa_strelkovi,Stichopilidium_kruegeri,Anthocyrtidium_zanguebaricum,Arachnocorys_umbellifera,Archipilium_orthopterum,Artobotrys_borealis,Artostrobus_annulatus,Artostrobus_joergenseni,Botryocephalina_armata,Botryocyrtis_scutum,Botryopyle_inflata,Botryostrobus_aquilonaris,Botryostrobus_auritus/australis,Callimitra_spp.,Carpocanarium_papillosum,Carpocanistrum_spp.,Cenosphaera_cristata,Cenosphaera_perforata,Cenosphaera_spp.,Ceratocyrtis_histricosa,Circodiscus_microporus,Clathrocanium_coarctatum,Corythospyris_stapedius,Collosphaerid,Cornutella_profunda,Corocalyptra_craspedota,Cubotholus_spp.,Cycladophora_bicornis,Cycladophora_davisiana_cornutoides,Cycladophora_davisiana_davisiana,Cypassis_irregularis,Cyrtopera_laguncula,Dictyophimus_crisiae/hirundo,Dictyophimus_infabricatus,Dictyophimus_killmari,Dictyophimus_macropterus,Didymocyrtis_tetrathalamus,Druppatractus_irregularis,Druppatractus_variabilis,Eucyrtidium_spp.,Heliodiscus_asteriscus,Hexacontium_enthacanthum,Hexacontium_gigantheum,Hexacontium_melpomene,Hexapyle_dodecantha,Hexastylus_spp.,Hymeniastrum_euclidis,Lamprocyclas_hannai,Lamprocyclas_maritalis_s.l.,Lamprocyrtis_nigriniae,Lampromitra_coronata,Litheliidae/Pyloniidae,Larcopyle_buetschlii,Larcopyle_pylomaticus,Larcopyle_weddellium,Larcospira_quadrangula,Larnacilla_typus,Lipmanella_bombus,Lipmanella_dictyoceras,Lirella_melo,Liriospyris_reticulata,Litharachnium_tentorium,Lithelius_minor,Lithelius_nautiloides,Lithocampe_?_furcaspiculata,Lithocampe_?_platycephala,Lithomelissa_setosa,Lithomelissa_laticeps,Lithomelissa_sp._A,Lithomelissa_thoracites,Lophophaena_buetschlii,Lophospyris_pentagona,Peridium_longispinum,Peripyramis_circumtexta,Peromelissa_phalacra,Phormospyris_stabilis,Phormostichoartus_corbula,Phorticium_clevei,Plectacantha_oikiskos,Pseudocubus_obeliscus,Pseudodictyophimus_platycephalus,Pseudodictyophimus_gracilipes,Pterocanium_praetextum_eucolpum,Pterocanium_charybdeum,Pterocorys_clausus/zancleus,Pylospira_octopyle,Rhizoplegma_boreale,Saccospyris_antarctica,Saturnalis_circularis,Schizodiscus_stylotrochoides,Sethoconus_tabulatus,Siphocampe_arachnea,Siphocampe_lineata,Spongaster_tetras,Spongocore_cylindricus,Spongopyle_osculosa,Spongotrochus_glacialis,Stichocorys_seriata,Stichopilium_bicorne,Stylatractus_neptunus,Stylatractus_spp.,Stylochlamydium_asteriscus,Stylochlamydium_venustum,Stylodictya_aculeata,Stylodictya_spp.,Stylodictya_validispina,Stylosphaera_spp.,Styptosphaera_spumacea,Tetrapyle_octacantha/stenozona,Theocorys_veneris,Theocorythium_trachelium,Tessarastrum_straussi,Triceraspyris_antarctica,Trissocyclidae,Trisulcus_triacanthus
0.453514739,0.453514739,0,0,0.907029478,0.453514739,0,0.680272109,1.133786848,0,1.133786848,0,0,0,0.453514739,0.680272109,0,0,0,0.453514739,0.680272109,0,0,1.587301587,3.174603175,3.628117914,0,0.907029478,1.133786848,0,2.494331066,0,1.133786848,0,0.453514739,0.22675737,2.267573696,2.721088435,0,0.22675737,0.907029478,0.907029478,1.360544218,0.22675737,0.453514739,0.907029478,0,0,0,0.680272109,0,0.680272109,2.040816327,0,0,0,0,0.453514739,0.22675737,2.494331066,0.22675737,0.453514739,0,2.267573696,8.163265306,1.133786848,0,1.814058957,0.680272109,0.680272109,0,0.453514739,0.22675737,0,0.907029478,2.494331066,0.22675737,0.22675737,3.401360544,0.680272109,0,0,2.040816327,0.453514739,0.680272109,1.587301587,0,0.22675737,0,0,0,1.814058957,0.680272109,0.907029478,3.854875283,0.453514739,0.453514739,1.133786848,0.907029478,0,0,0,0.22675737,1.814058957,0.453514739,0.22675737,0,0,0.453514739,0,0.680272109,0.453514739,0.453514739,0,0,0.22675737,0.907029478,2.040816327,0.680272109,0,0.453514739,2.494331066,0.680272109,0.22675737,0.453514739,0,1.360544218,0.680272109
0,0.455580866,0,0,0.911161731,0.227790433,0.227790433,0.683371298,0.455580866,0,0.455580866,0.227790433,0,0,0.227790433,0.227790433,0,0.227790433,0,1.366742597,0.455580866,0,0,1.366742597,7.517084282,3.189066059,0,1.138952164,3.416856492,0,0.455580866,0,0.911161731,0.227790433,0.455580866,0.683371298,2.733485194,4.328018223,3.644646925,0,0.911161731,1.366742597,0.227790433,0.227790433,0.911161731,0.911161731,0,0.227790433,0,0.683371298,0,0.455580866,3.189066059,0.227790433,0.227790433,0.683371298,0,0,2.050113895,4.783599089,0,2.733485194,0,0.227790433,2.505694761,0.911161731,0,1.822323462,0.227790433,0.911161731,0,0,0.455580866,0,0.455580866,2.050113895,0,0,0.683371298,0,0,0,3.189066059,0.911161731,0.683371298,1.59453303,0.227790433,0.227790433,0,0,0,0.227790433,0,0,2.277904328,0.227790433,0.683371298,0.455580866,0.911161731,0,0,0,0.683371298,0,0,1.138952164,0,0.455580866,0.911161731,0,0,0,0.683371298,0,0.455580866,0.455580866,0.683371298,0.455580866,1.59453303,0,0,5.69476082,0.455580866,0.455580866,0,0,1.138952164,0.455580866
0,0.185873606,0.185873606,0,1.301115242,0.743494424,0.557620818,0.185873606,0,0.185873606,0,0,0,0,0,0.185873606,0.185873606,0.185873606,0.185873606,1.858736059,1.858736059,0,0,1.486988848,3.717472119,5.018587361,0,1.301115242,3.531598513,0,0.371747212,0,1.115241636,0,0.371747212,0.92936803,2.416356877,5.576208178,2.230483271,0.185873606,2.230483271,0.92936803,0.371747212,0,0.743494424,0.743494424,0.185873606,0.92936803,0,0.92936803,0,0.557620818,3.531598513,0.371747212,0.371747212,0,0,0.371747212,0,3.159851301,0.185873606,0.371747212,0,0.185873606,1.301115242,0.371747212,0,0.743494424,0,0,0,0,1.301115242,0,0.557620818,1.115241636,0,0,1.115241636,1.301115242,0,0,5.204460967,0.743494424,0.557620818,0.557620818,0,1.115241636,0,0,0,0,0,1.115241636,2.416356877,0.371747212,0.371747212,1.858736059,1.301115242,0,0,0,0,0,0.743494424,1.672862454,0.185873606,1.115241636,2.602230483,0,0.185873606,0,0.371747212,0,0,0,0.743494424,0,0.92936803,0.371747212,0,6.133828996,0.92936803,0.557620818,0,0.185873606,1.672862454,0.743494424
0.847457627,0,0.63559322,0,0.423728814,0.423728814,0,1.271186441,0.847457627,0,0,0,0,0,0.211864407,0,0,0,0,0,0.423728814,0,0.63559322,0.423728814,2.330508475,1.271186441,0.211864407,0.423728814,3.389830508,0,1.271186441,0,0.211864407,0.423728814,0.423728814,1.694915254,9.957627119,1.059322034,0.211864407,1.271186441,0.847457627,0.211864407,0.847457627,0,0.211864407,0.423728814,1.059322034,0,0,4.025423729,0,0.423728814,1.694915254,2.542372881,0,0,0,1.483050847,0.211864407,1.694915254,0.423728814,0.423728814,0,0.63559322,4.449152542,0,0,2.330508475,0,2.330508475,0.847457627,0,0,0.211864407,0.63559322,4.449152542,0,0,0,0,0,0,3.177966102,0.847457627,0.423728814,2.330508475,0,0.63559322,0,0,0,0,0,1.271186441,1.271186441,0.423728814,0.423728814,1.483050847,0.847457627,0,0,0.211864407,0.211864407,0,0,0,0.211864407,0.63559322,0.211864407,0,0,0,1.059322034,0,3.389830508,0,1.059322034,0.63559322,2.330508475,0,0,5.93220339,0.63559322,1.271186441,0.211864407,0,0.423728814,0.211864407
0.190839695,0.190839695,0.190839695,0,0.572519084,0.381679389,0.954198473,0.381679389,0.381679389,0.381679389,0.190839695,0.190839695,0,0,0.190839695,0.763358779,0,0,0,0.190839695,0.381679389,0,0.381679389,1.908396947,1.717557252,1.335877863,0.190839695,0.381679389,3.053435115,0,0.572519084,0,0.190839695,0,0.763358779,1.145038168,8.20610687,3.816793893,0.572519084,0.572519084,1.145038168,0.381679389,0.954198473,0,0.763358779,0.381679389,0.381679389,0.381679389,0,1.145038168,0,1.145038168,2.86259542,0.572519084,0,0.572519084,0,0.190839695,0,0.572519084,0,0.381679389,0,1.145038168,1.145038168,0,0,1.335877863,0,2.480916031,0.954198473,0,0.190839695,0,0.954198473,2.480916031,0.190839695,0.190839695,0.572519084,0,0,0,5.534351145,0.572519084,0.190839695,4.198473282,0,0.381679389,0.190839695,0,0,1.145038168,0.190839695,1.908396947,2.86259542,0.954198473,0.190839695,3.244274809,0.190839695,0,0,0.190839695,0.381679389,0.381679389,0,0.572519084,0.381679389,0.381679389,0.190839695,0,0.381679389,0,0,0,1.145038168,0.381679389,1.526717557,0.190839695,2.290076336,0,0,4.770992366,0.572519084,3.244274809,0.572519084,0,0.954198473,0.190839695
0,0.179856115,0,0,1.978417266,1.438848921,0.899280576,0.35971223,0.179856115,0,0.179856115,0,0,0,0.71942446,0,0,0,0,0.179856115,1.079136691,0,0,1.258992806,4.496402878,1.978417266,0,1.438848921,1.978417266,0,1.258992806,0,0.35971223,0,0.71942446,0.35971223,2.697841727,5.215827338,2.158273381,0.179856115,0.71942446,0.539568345,1.978417266,0,0.899280576,0.539568345,0.539568345,0.71942446,0,0.539568345,0,0.899280576,5.215827338,0.179856115,0,0.179856115,0,0.179856115,0.71942446,0.899280576,0.179856115,1.798561151,0.179856115,1.079136691,1.798561151,0.71942446,0.179856115,1.079136691,0.179856115,1.978417266,0,0,0,0,0.71942446,2.158273381,0.179856115,0,0.71942446,0.539568345,0,0,3.597122302,0.71942446,0.179856115,6.294964029,0.179856115,0.35971223,0,0,0,0.539568345,0.35971223,1.978417266,2.517985612,0.539568345,0.539568345,1.258992806,0,0,0,0.179856115,0.179856115,0,0,0.539568345,0.179856115,0.35971223,1.978417266,0,0,0,0.35971223,0,1.079136691,0.539568345,1.438848921,1.079136691,1.438848921,0,0,4.496402878,0.539568345,0.71942446,0.179856115,0,1.258992806,0.539568345
0,0.216450216,0.216450216,0.216450216,0.216450216,0.216450216,1.298701299,0.649350649,0.432900433,0.432900433,0,0,0,0.216450216,0.216450216,0,0,0,0,0.216450216,0.649350649,0,0.216450216,1.082251082,2.813852814,2.380952381,0.216450216,0,1.298701299,0,0.865800866,0,0.649350649,0,0.432900433,0.649350649,3.463203463,3.896103896,0.649350649,0,1.731601732,1.298701299,1.731601732,0,1.082251082,0.865800866,0.432900433,0.649350649,0,0.649350649,0.216450216,1.515151515,4.112554113,0,0,0.216450216,0,0,0.649350649,0.865800866,0.216450216,0.865800866,0,0.432900433,3.463203463,2.380952381,0.216450216,2.813852814,0,2.380952381,0.649350649,0,0,0,1.298701299,1.948051948,0.216450216,0,0.649350649,0.216450216,0.216450216,0,2.380952381,0.865800866,0.865800866,3.03030303,0,0,0,0,0,0.216450216,0,0.865800866,3.03030303,0.216450216,0.216450216,3.03030303,0.432900433,0,0,0,0,0.649350649,0,0.432900433,0,1.082251082,4.329004329,0,0,0,0,0.216450216,0.216450216,0.216450216,2.164502165,0.432900433,4.329004329,0,0,3.03030303,0.432900433,1.948051948,0,0,1.298701299,0.865800866
0.194174757,0,0,0,1.553398058,0.194174757,0.194174757,0,0,0,0,0,0,0,0.194174757,0,0,0.194174757,0,0.194174757,0.970873786,0,0.582524272,1.359223301,1.553398058,2.718446602,0.194174757,0.388349515,3.495145631,0,1.165048544,0,0.582524272,0.194174757,0.388349515,0.194174757,7.378640777,5.242718447,0.388349515,0,2.912621359,0.582524272,0.194174757,0,0.388349515,0.388349515,0.970873786,0.194174757,0,0.970873786,0,1.359223301,2.524271845,0.582524272,0,0.388349515,0,0,0.194174757,1.941747573,0,0.970873786,0,0.388349515,2.718446602,1.359223301,0,1.941747573,0.388349515,2.718446602,0.582524272,0,0.582524272,0,0.194174757,3.689320388,0,0,0.970873786,0.194174757,0,0,2.912621359,0.970873786,0.194174757,2.330097087,0.194174757,0.970873786,0,0,0,0,0.194174757,0.582524272,2.330097087,0.388349515,0.388349515,1.941747573,0.776699029,0,0,0,0.388349515,0,0,0.388349515,0,0.388349515,2.330097087,0,0,0,0,0,1.359223301,1.165048544,2.13592233,1.747572816,3.495145631,0.194174757,0,2.718446602,0.776699029,1.553398058,0,0,2.13592233,0.194174757
0,0,0,0,0.367647059,4.044117647,0,0,0,0,0,0,53.30882353,0,0,0,0,0,0,0,0,0,0,0,0,0,0,0,0,1.102941176,0,0,0,0,0,0,0,0,0,0,0,0,10.66176471,0,0,0,0,0,0,0,0,0.735294118,0,0,0,0,0,0,0,0,0,0,0,0,0,0,3.676470588,0,0,1.470588235,0,0,0,0,0,0,0,2.573529412,0.735294118,0,0,10.66176471,0,0,0,0,0,0,0,0,0,0,0,0,0,0,0,0,0,0,1.102941176,0,0,0,0,0,0,0,1.470588235,2.941176471,0,0,0,0,0,0,1.470588235,0,0,0,0,0,0,0,0,3.676470588,0,0
0,0,0,0,4.854368932,2.265372168,0,0,0,0,0,0,21.6828479,0,0,0,0,0,0,0,0,0,0,0,0,0,0,0,0,30.74433657,0,0,0,0,0,0,0,0,0,0,0.323624595,0,3.236245955,0,0,1.618122977,0,0,0,0,0,0.323624595,0,0,0,0,0,0,0,0,0,0,0,0,0,0,12.29773463,0,0,3.55987055,0,0,0,0,0,4.530744337,0.323624595,0.323624595,0.647249191,0,0,2.265372168,0,0,0,0,0,0,0,0,0,0,0,0,0,0,0,0,0,0,1.618122977,0,0,0,0,0,0,0,3.55987055,4.207119741,0,0,0,0,0,0,1.294498382,0,0,0,0,0,0,0,0,0.323624595,0,0
0,0,0,0,1.666666667,3.333333333,0,0,0,0,0,0,39.16666667,0,0,0,0,0,0,0,0,0,0,0,0,0,0,0,0,12.5,1.25,0,0,0,0,0,0,0,0,0,0.416666667,0,4.166666667,0,0,0.833333333,0,0,0,0,0,0.833333333,0,0,0,0,0,0,0,0,0,0,0,0,0,0,6.25,0,0,2.916666667,0,0,0,0,0,1.25,0.833333333,0,2.083333333,0,0,6.666666667,0,0,0,0,0,0,0,0,0.416666667,0,0,0,0,0,0,0,0,0,2.916666667,0,0,0,0,0,0,0,1.25,5,0,0,0,0,0,0,1.666666667,0,0,0,0,0,0,0,0,4.583333333,0,0
0,0,0,0,1.023017903,1.023017903,0,0,0,0,0,0,53.7084399,0,0,0,0,0,0,0,0.255754476,0,0,0,0,0,0,0,0,4.092071611,0,0,0,0,0,0,0,0,0,0,0.511508951,0,8.95140665,0,0,0.255754476,0,0,0,0,0,0.767263427,0,0,0,0,0,0,0,0,0,0,0,0,0,0,2.557544757,0,0,0.255754476,0,0,0,0,0,2.046035806,0,3.069053708,0.255754476,0,0,5.115089514,0,0,0,0,0,0,0,0,0.255754476,0,0,0,0,0,0,0,0,0,1.023017903,0,0,0.255754476,0,0,0,0,2.046035806,6.905370844,0,0,0,0,0,0,0.255754476,0,0,0,0,0,0,0,0,5.37084399,0,0
0,0,0,0,0.879765396,2.639296188,0,0,0,0,0,0,52.49266862,0,0,0,0,0,0,0,0,0,0,0,0,0,0,0,0,14.6627566,0,0,0,0,0,0,0,0,0,0,0,0,8.797653959,0,0,0.293255132,0,0,0,0,0,0.586510264,0,0,0,0,0,0,0,0,0,0,0,0,0,0,3.519061584,0,0,0,0,0,0,0,0,0.293255132,0,2.052785924,0.879765396,0,0,4.692082111,0,0,0,0,0,0,0,0,0,0,0,0,0,0,0,0,0,0,1.46627566,0,0,0.293255132,0,0,0,0,0.293255132,2.93255132,0,0,0,0,0,0,1.759530792,0,0,0,0,0,0,0,0,1.46627566,0,0
0,0,0,3.812316716,0.293255132,0.293255132,0,0,0,0,0,0,0,8.797653959,0,0,0,0,0,0,0.293255132,0,0,4.398826979,0,4.398826979,0,0,0,0,1.46627566,0,0,0,0,0,0,0,3.225806452,0,1.759530792,0,4.985337243,0,0,0.879765396,0,0,0,0,0,2.639296188,1.46627566,0.293255132,0,0,0,0,0,0.586510264,0,1.759530792,0,0,0,2.052785924,1.173020528,0,0,0,0,0,0,0,0,0,0,0.879765396,2.052785924,9.970674487,0,0,2.93255132,0,0,0,0,0,0,0,10.85043988,0,0,0,0,0,0,2.639296188,0.586510264,0,0,0,0,0,0,0,0,0,8.211143695,3.225806452,0,0,0,0,0,3.519061584,1.46627566,0,1.759530792,0,0,5.571847507,0,0.293255132,0,0,0,1.46627566
0,0,0,5.523255814,2.61627907,0,0,0,0,0,0,0,0.290697674,15.69767442,0,0,0,0,0,0,0.290697674,0,0,5.813953488,0,1.453488372,0,0,0,0,0.581395349,0,0,0,0,0,0,0,2.325581395,0,2.906976744,0,6.104651163,0,0,0.290697674,0,0,0,0,0,1.162790698,1.162790698,0,0,0,0,0,0,0.581395349,0,0.872093023,0,0,0,0.290697674,0.872093023,0,0,0,0,0,0,0,0,2.034883721,0,2.325581395,3.197674419,6.976744186,0,1.453488372,0.872093023,0,0,0,0,0,0,0,16.86046512,0,0,0,0,0.290697674,0,0.581395349,0.290697674,0,0.581395349,0,0,0,0,0,0,0,3.488372093,0.872093023,0,0,0,0,0,4.941860465,0.872093023,0,1.162790698,0,0,4.360465116,0,0,0,0,0,0
0,0,0,3.550295858,1.183431953,0.591715976,0,0,0,0,0,0,0,28.69822485,0,0,0,0,0,0,0.295857988,0,0,1.775147929,0,0,0,0,0,0,2.366863905,0,0,0,0,0,0,0,0,0,7.100591716,0,5.917159763,0,0,0,0,0,0,0,0,0.887573964,0,0,0,0,0,0,0,0,0,0,0,0,0,0,1.183431953,0,0,0,0,0,0,0,0,1.183431953,0.295857988,1.775147929,0.887573964,3.846153846,0,4.142011834,0,0,0,0,0,0,0,0,15.68047337,0,0,0,0,0,0,0,5.325443787,0,0.591715976,0,0,0,0,0,0,0,5.325443787,1.183431953,0,0,0,0,0,2.958579882,0.295857988,0,0,0,0,0.591715976,0,0,0,2.071005917,0,0.295857988
0,0,0,5.066666667,1.333333333,1.066666667,0,0,0,0,0,0,7.2,43.46666667,0,0,0,0,0,0,0.266666667,0,0,1.066666667,0,0,0,0,0,0,0,0,0,0,0,0,0,0,0,0,0.8,0,5.866666667,0,0,0.266666667,0,0,0,0,0,0.8,0,0,0,0,0,0,0,0,0,0,0,0,0,0,0.8,0,0,0,0,0,0,0,0,0.533333333,0.8,3.466666667,1.066666667,0,0,3.2,0,0,0,0,0,0,0,0,5.866666667,0,0,0,0,0,0,0,1.6,0,3.466666667,0,0,0,0,0,0,0,5.066666667,0.533333333,0,0,0,0,0,1.6,0.8,0,0.266666667,0,0,0,0,0,0,3.733333333,0,0
0,0,0,0.81300813,0.81300813,0,0,0,0,0,0,0,11.38211382,48.7804878,0,0,0,0,0,0,0.81300813,0,0,0,0,0,0,0,0,0,0,0,0,0,0,0,0,0,0,0,1.219512195,0,6.504065041,0,0,0,0,0,0,0,0,0,0,0,0,0,0,0,0,0,0,0,0,0,0,0,0.406504065,0,0,0,0,0,0,0,0,0,0,4.471544715,0.81300813,0,0,10.56910569,0,0,0,0,0,0,0,0,3.25203252,0,0,0,0,0,0,0,0,0,2.43902439,0,0,0,0,0,0,0,2.032520325,0.81300813,0,0,0,0,0,0.406504065,1.62601626,0,0,0,0,0,0,0,0,2.845528455,0,0
0,0,0,1.340482574,1.072386059,0,0,0,0,0,0,0,6.702412869,47.72117962,0,0,0,0,0,0.536193029,2.412868633,0,0,0,0,4.557640751,0,0,0,0,0.268096515,0,0,0,0,0,0,0,0,0,1.608579088,0,5.898123324,0,0,0,0,0,0,0,0,0,0,0,0,0,0,0,0,0,0,0,0,0,0,0,0.536193029,0,0,0,0,0,0,0,0,0,0,1.340482574,0,0,0,16.62198391,0,0,0,0,0,0,0,0,2.144772118,0,0,0,0,0,0,0,0,0,1.876675603,0,0.536193029,1.340482574,0,0,0,0,0.268096515,1.340482574,0,0,0,0,0,0.268096515,0.268096515,0,0,0,0,0,0,0,0,1.340482574,0,0
0,0,0,2.024291498,0,0,0,0,0,0,0,0,8.906882591,31.57894737,0,0,0,0,0,2.429149798,1.619433198,0,0,0,0,0,0,0,0,0,0,0,0,0,0,0,0,0,0,0,0.4048583,0,8.502024291,0,0,0,0,0,0,0,0,0,0,0,0,0,0,0,0,0,0,0,0,0,0,0,1.214574899,0,0,0,0,0,0,0,0,0,0,10.52631579,0.4048583,0,0,19.43319838,0,0,0,0,0,0,0,0,2.429149798,0,0,0,0,0,0,0,0,0,0.4048583,0,0,2.429149798,0,0,0,0,2.429149798,1.214574899,0,0,0,0,0,0,0,0,1.619433198,0,0,0,0,0,0,2.429149798,0,0
0,0,0,0.434782609,1.739130435,1.739130435,0,0,0,0,0,0,13.04347826,30.86956522,0,0,0,0,0,0,3.043478261,0,0,0,0,0,0,0,0,5.217391304,0,0,0,0,0,0,0,0,0,0,1.304347826,0,8.695652174,0,0,0,0,0,0,0,0,0,0,0,0,0,0,0,0,0,0,0,0,0,0,0,0.869565217,0,0,0,0,0,0,0,0,0.869565217,2.173913043,4.347826087,1.739130435,0,0,8.260869565,0,0,0,0,0,0,0,0,0.869565217,0,0,0,0,0,0,0,0,0,0.869565217,0,0.434782609,0.869565217,0,0,0,0,3.913043478,3.913043478,0,0,0,0,0,0.434782609,0.434782609,0,0,0,0,0,0,0,0,3.913043478,0,0
0,0,0,0.765306122,2.551020408,0.765306122,0,0,0,0,0,0,14.28571429,36.2244898,0,0,0,0,0,0.255102041,0.765306122,0,0,0,0,0.255102041,0,0,0,3.571428571,0,0,0,0,0,0,0,0,0,0,0,0,10.20408163,0,0,1.020408163,0,0,0,0,0,0,0,0,0,0,0,0,0,0,0,0,0,0,0,0,3.06122449,0,0,0,0,0,0,0,0,0,2.040816327,5.102040816,2.551020408,0,0,6.887755102,0,0,0,0,0,0,0,0,1.275510204,0,0,0,0,0,0,0,0,0,0.510204082,0,0.765306122,0,0,0,0,0,1.275510204,2.295918367,0,0,0,0,0,0,0.765306122,0,0,0,0,0,0,0,0,2.806122449,0,0
0,0,0,0.790513834,1.581027668,0.790513834,0,0,0,0,0,0,9.486166008,52.96442688,0,0,0,0,0,0,0.395256917,0,0,0,0,0.395256917,0,0,0,0.790513834,0,0,0,0,0,0,0,0,0,0,0.790513834,0,6.324110672,0,0,0,0,0,0,0,0,0,0,0,0,0,0,0,0,0,0,0,0,0,0,0,1.976284585,0,0,0,0,0,0,0,0,0.395256917,0.790513834,3.557312253,2.766798419,0,0,5.138339921,0,0,0,0,0,0,0,0,1.581027668,0,0,0,0,0,0,0,0,0,1.976284585,0,0,0,0,0,0,0,4.347826087,1.976284585,0,0,0,0,0,0,0,0,0,0,0,0,0,0,0,1.185770751,0,0
0,0,0,1.944444444,0.277777778,0,0,0,0,0,0,0,2.222222222,60,0,0,0,0,0,0.277777778,1.944444444,0,0,0.277777778,0,0,0,0,0,0,0,0,0,0,0,0,0,0,0,0,1.388888889,0,4.444444444,0,0,0,0,0,0,0,0,0,0,0,0,0,0,0,0,0,0,0,0,0,0,0,0.833333333,0,0,0,0,0,0,0,0,0,0.277777778,2.5,0.833333333,0,0,11.11111111,0,0,0,0,0,0,0,0,3.055555556,0,0,0,0,0,0,0,0,0,2.5,0,0,1.666666667,0,0,0,0,2.777777778,0.277777778,0,0,0,0,0,0.555555556,0,0,0,0,0,0,0,0,0,0.833333333,0,0
0,0,0,1.115241636,0.371747212,0,0,0,0,0,0,0,2.973977695,59.10780669,0,0,0,0,0,0,2.973977695,0,0,0.743494424,0,0,0,0,0,0,0,0,0,0,0,0,0,0,0,0,0,0,2.230483271,0,0,0,0,0,0,0,0,0,0,0,0,0,0,0,0,0,0,0,0,0,0,0,0.371747212,0,0,0,0,0,0,0,0,0,0,4.460966543,1.486988848,0,0,15.6133829,0,0,0,0,0,0,0,0,3.345724907,0,0,0,0,0,0,0,0,0,1.115241636,0,0,0,0,0,0,0,0.371747212,0.743494424,0,0,0,0,0,0,0,0,1.486988848,0,0,0,0,0,0,1.486988848,0,0
0,0,0,5.811138015,1.452784504,1.452784504,0,0,0,0,0,0,0.242130751,49.15254237,0,0,0,0,0,0,0.242130751,0,0,1.694915254,0,0.242130751,0,0,0,0,0.484261501,0,0,0,0,0,0.242130751,0,0,0,3.389830508,0,3.389830508,0,0,0,0,0,0,0,0,0,0,0,0,0,0,0,0,0,0,0,0,0,0,0,0,0,0,0,0,0,0,0,0,0,0,1.452784504,0.968523002,0,0,5.326876513,0,0,0,0,0,0,0,0,14.76997579,0,0,0,0,0,0,0,0,0,2.179176755,0,0.242130751,0.968523002,0,0,0,0,1.937046005,0.726392252,0,0,0,0,0,0.726392252,0,0,0.484261501,0,0,0,0,0,0,2.421307506,0,0
0,0,0,8.978328173,0.309597523,0.92879257,0,0,0,0,0,0,2.786377709,35.60371517,0,0,0,0,0,0,0.309597523,0,0,1.547987616,0,0.309597523,0,0,0,0.309597523,0.92879257,0,0,0,0,0,0,0,0,0,2.786377709,0,4.643962848,0,0,0,0,0,0,0,0,0,0,0,0,0,0,0,0,0,0,0,0,0,0,0,1.238390093,0,0,0,0,0,0,0,0,0,0,1.547987616,0.309597523,0,0,2.476780186,0,0,0,0,0,0,0,0,17.95665635,0,0,0,0,1.857585139,0,0,0,0,1.238390093,0,0,0,0,0,0,0,4.643962848,1.547987616,0,0,0,0,0.309597523,3.095975232,0.309597523,0,0,0,0,0.92879257,0,0,0,3.095975232,0,0
0,0,0,6.615776081,1.272264631,0.254452926,0,0,0,0,0,0,2.798982188,46.5648855,0,0,0,0,0,0,0,0,0,1.272264631,0,0.254452926,0,0,0,0,0.508905852,0,0,0,0,0,0,0,0,0,2.290076336,0,2.03562341,0,0,0,0,0,0,0,0,0,0,0,0,0,0,0,0,0,0,0,0,0,0,0,1.526717557,0,0,0,0,0,0,0,0,0,0.254452926,2.544529262,1.781170483,0,0,0,0,0.763358779,0,0,0,0,0,0,11.95928753,0,0,0,0,0,0,0,3.562340967,0,2.798982188,0,0,0.254452926,0,0,0,0,3.816793893,2.03562341,0,0,0,0,0,1.781170483,0.254452926,0,0,0,0,0,0,0,0,2.798982188,0,0
0,0,0,5.015673981,0.940438871,0,0,0,0,0,0,0,4.07523511,48.27586207,0,0,0,0,0,0,0,0,0,0.626959248,0,0,0,0,0,1.253918495,0.313479624,0,0,0,0,0,0,0,0,0,1.567398119,0,5.642633229,0,0,0,0,0,0,0,0,0,0,0,0,0,0,0,0,0,0,0,0,0,0,0,0.313479624,0,0,0,0,0,0,0,0,1.567398119,0,3.761755486,0.940438871,0,0,8.150470219,0,0,0,0,0,0,0,0,5.956112853,0,0,0,0,0,0,0,2.821316614,0,2.821316614,0,0,0.313479624,0,0,0,0,1.880877743,0.940438871,0,0,0,0,0,0.626959248,0.313479624,0,0,0,0,0,0,0,0,1.880877743,0,0
0,0,0,0.62305296,0,0.31152648,0,0,0,0,0,0,8.722741433,59.81308411,0,0,0,0,0,0,3.115264798,0,0,0.31152648,0,0,0,0,0,0,0,0,0,0,0,0,0.31152648,0,0,0,0.62305296,0,4.361370717,0,0,0,0,0,0,0,0,0,0,0,0,0,0,0,0,0,0,0,0,0,0,0,0.31152648,0,0,0,0,0,0,0,0,0,0.31152648,4.049844237,0.62305296,0,0,8.099688474,0,0,0,0,0,0,0,0,1.246105919,0,0,0,0,0,0,0,0,0,1.869158879,0,0.934579439,1.246105919,0,0,0,0,0.31152648,0.62305296,0,0,0,0,0,0.31152648,0.934579439,0,0,0,0,0,0,0,0,0.934579439,0,0
0,0,0,1.763224181,1.763224181,0.503778338,0,0,0,0,0,0,16.87657431,48.11083123,0,0,0,0,0,0,0.503778338,0,0,0,0,0,0,0,0,1.763224181,0.251889169,0,0,0,0,0,0,0,0,0,0.503778338,0,3.274559194,0,0,0,0,0,0,0,0,0,0,0,0,0,0,0,0,0,0,0,0,0,0,0,1.259445844,0,0,0,0,0,0,0,0,0,1.007556675,1.763224181,1.259445844,0,0,2.267002519,0,0,0,0,0,0,0,0,5.793450882,0,0,0,0,0,0,0,0.251889169,0,1.259445844,0,0.251889169,0.251889169,0,0,0,0,5.037783375,2.770780856,0,0,0,0,0,0.755667506,0,0,0,0,0,0,0,0,0,0.755667506,0,0
0,0,0,0.314465409,2.201257862,0.628930818,0,0,0,0,0,0,13.52201258,43.39622642,0,0,0,0,0,0.314465409,3.144654088,0,0,0,0,0,0,0,0,0.314465409,0.628930818,0,0,0,0,0,0,0,0,0,0,0,8.490566038,0,0,0.314465409,0,0,0,0,0,0,0,0,0,0,0,0,0,0,0,0,0,0,0,0,0.943396226,0,0,0,0,0,0,0,0,0,0.314465409,5.974842767,2.51572327,0,0,6.918238994,0,0,0,0,0,0,0,0,0.628930818,0,0,0,0,0,0,0,0,0,2.51572327,0,0,2.51572327,0,0,0,0,1.572327044,0.628930818,0,0,0,0,0,0.314465409,0.628930818,0,0,0,0,0,0,0,0,1.257861635,0,0
0,0,0,0,2.02020202,1.01010101,0,0,0,0,0,0,53.87205387,0,0,0,0,0,0,0.336700337,0.336700337,0,0,0,0,0,0,0,0,7.070707071,0.336700337,0,0,0,0,0,0,0,0,0,0,0,3.03030303,0,0,0.673400673,0,0,0,0,0,0.336700337,0,0,0,0,0,0,0,0,0,0,0,0,0,0,5.387205387,0,0,0.336700337,0,0,0,0,0,0.673400673,0.336700337,3.367003367,1.01010101,0,0,5.723905724,0,0,0,0,0,0,0,0,0.336700337,0,0,0,0,0,0,0,0,0,3.03030303,0,0,0,0,0,0,0,1.683501684,5.387205387,0,0,0,0,0,0,1.683501684,0,0,0,0,0,0,0,0,2.02020202,0,0
0,0,0,0,0.767263427,1.79028133,0,0,0,0,0,0,64.70588235,0,0,0,0,0,0,0,0,0,0,0.255754476,0,0,0,0,0,5.882352941,0,0,0,0,0,0,0,0,0,0,0.767263427,0,3.836317136,0,0,0.255754476,0,0,0,0,0,0.767263427,0,0,0,0,0,0,0,0,0,0,0,0,0,0,2.813299233,0,0,0,0,0,0,0,0,0,0,1.278772379,0.255754476,0,0,4.347826087,0,0,0,0,0,0,0,0,1.023017903,0,0,0,0,0,0,0,0,0,2.557544757,0,0,0.255754476,0,0,0,0,1.278772379,5.882352941,0,0,0,0,0,0,0.255754476,0,0,0,0,0,0,0,0,1.023017903,0,0
0,0,0,0,2.727272727,7.272727273,0,0,0,0,0,0,6.818181818,0,0,0,0,0,0,0,0,0,0,0,0,0,0,0,0,58.63636364,0,0,0,0,0,0,0,0,0,0,0.909090909,0,2.727272727,0,0,0.454545455,0,0,0,0,0,0,0,0,0,0,0,0,0,0,0,0,0,0,0,0,2.272727273,0,0,1.818181818,0,0,0,0,0,1.363636364,1.818181818,0.909090909,0.454545455,0,0,0.454545455,0,0,0,0,0,0,0,0,1.818181818,0,0,0,0,0,0,0,0,0,2.272727273,0,0,0,0,0,0,0,0,5,0,0,0,0,0,0,0,0,0,0,0,0,0,0,0,2.272727273,0,0
0,0,0,0,2.371541502,5.928853755,0,0,0,0,0,0,16.2055336,0,0,0,0,0,0,0,0,0,0,0,0,0,0,0,0,38.33992095,0,0,0,0,0,0,0,0,0,0,0,0,0.790513834,0,0,0.790513834,0,0,0,0,0,0.395256917,0,0,0,0,0,0,0,0,0,0,0,0,0,0,4.347826087,0,0,2.766798419,0,0,0,0,0.790513834,2.371541502,5.138339921,0.790513834,0,0,0,4.743083004,0,0,0,0,0,0,0,0,0,0,0,0,0,0,0,0,0,0,1.976284585,0,0.395256917,0,0,0,0,0,1.581027668,3.162055336,0,0,0,0,0,0,1.581027668,0,0,0,0,0,0,0,0,5.533596838,0,0
0,0,0,0,0.490196078,2.941176471,0,0,0,0,0,0,25,0,0,0,0,0,0,0,0,0,0,0,0,0,0,0,0,25,0,0,0,0,0,0,0,0,0,0,2.450980392,0,5.882352941,0,0,0,0,0,0,0,0,0,0,0,0,0,0,0,0,0,0,0,0,0,0,0,5.882352941,0,0,1.960784314,0,0,0,0,1.960784314,2.450980392,0.490196078,4.901960784,0.980392157,0,0,3.921568627,0,0,0,0,0,0,0,0,0.490196078,0,0,0,0,0,0,0,0,0,1.960784314,0,0,0,0,0,0,0,2.941176471,4.901960784,0,0,0,0,0,0,0.980392157,0,0,0,0,0,0,0,0,4.411764706,0,0
0,0,0,0,0.442477876,3.539823009,0,0,0,0,0,0,10.61946903,0,0,0,0,0,0,0,0.442477876,0,0,0,0,0,0,0,0,59.2920354,1.327433628,0,0,0,0,0,0,0,0,0,0.442477876,0,1.769911504,0,0,0,0,0,0,0,0,0.442477876,0,0,0,0,0,0,0,0,0,0,0,0,0,0,3.539823009,0,0,1.327433628,0,0,0,0,0,0.442477876,3.982300885,0.884955752,0,0,0,1.769911504,0,0,0,0,0,0,0,0,0.884955752,0,0,0,0,0,0,0,0,0,3.097345133,0,0,0,0,0,0,0,0,3.097345133,0,0,0,0,0,0,2.654867257,0,0,0,0,0,0,0,0,0,0,0
0,0,0,0,0.434782609,10.43478261,0,0,0,0,0,0,6.52173913,0,0,0,0,0,0,0,0,0,0,0,0,0,0,0,0,61.73913043,0,0,0,0,0,0,0,0,0,0,0,0,0.434782609,0,0,0,0,0,0,0,0,0,0,0,0,0,0,0,0,0,0,0,0,0,0,0,1.739130435,0,0,1.739130435,0,0,0,0,0,0.434782609,3.913043478,0.869565217,0.434782609,0,0,3.043478261,0,0,0,0,0,0,0,0,0.434782609,0,0,0,0,0,0,0,0,0,1.739130435,0,0,0,0,0,0,0,0.434782609,3.47826087,0,0,0,0,0,0,2.173913043,0,0,0,0,0,0,0,0,0,0,0
0,0,0,0,0.99009901,5.940594059,0,0,0,0,0,0,30.1980198,0,0,0,0,0,0,0,1.485148515,0,0,0,0,0,0,0,0,24.25742574,0,0,0,0,0,0,0,0,0,0,0,0,4.95049505,0,0,0,0,0,0,0,0,0.495049505,0,0,0,0,0,0,0,0,0,0,0,0,0,0,7.425742574,0,0,1.98019802,0,0,0,0,0,0.495049505,2.475247525,2.97029703,0.99009901,0,0,5.445544554,0,0,0,0,0,0,0,0,0,0,0,0,0,0,0,0,0,0,1.98019802,0,0,0,0,0,0,0,0.495049505,4.95049505,0,0,0,0,0,0,1.485148515,0,0,0,0,0,0,0,0,0.99009901,0,0
0,0,0,0,2.049180328,0.409836066,0,0,0,0,0,0,0,0,0,0.409836066,0,0,0,0,0,0,0,0.819672131,0,4.098360656,0,0,4.918032787,0,1.229508197,0,0,0,0,0,6.147540984,0,1.639344262,0,0.819672131,0,2.049180328,0,0,0.819672131,1.639344262,0,0,1.639344262,0,1.229508197,2.049180328,0.409836066,0,0,0,0,0,5.327868852,0,0,0,0,0,2.459016393,0.409836066,0,0,0.409836066,0,0,0,0,0.409836066,2.049180328,0,0,1.639344262,0.819672131,0,0,5.327868852,0.819672131,0,0,0,0.409836066,0,0,0.819672131,0,0,0,0,1.229508197,0,6.147540984,2.459016393,0,0,0,0.819672131,0,0,0,0,0.409836066,3.68852459,0,0,0,0,0,2.868852459,5.327868852,1.229508197,0,3.68852459,0,0,16.80327869,1.229508197,0.819672131,0,0,0,0
0,0,0,0,0.421940928,0,0,0,0,0,0,0,0,0,0,0.421940928,0,0,0,0,0,0,0,0,0,5.063291139,0,0,1.687763713,0,3.375527426,0,0,0,0,0,3.375527426,0,2.53164557,0,5.907172996,0,2.953586498,0,0,1.687763713,0,0,0,0.421940928,0,0,3.797468354,0,0,0,0,0,0,0.421940928,0,1.687763713,0,0,0,6.329113924,0,0,0,0,0,0,0,0,0.421940928,6.751054852,0,0,0.421940928,2.953586498,0,0,4.641350211,0,0,0,0,0.421940928,0,0,0,0,0,0,0,3.797468354,0,9.282700422,0,0,0,0,0,0.843881857,0,0,0,0,1.265822785,0,0,0,0,0,0.421940928,11.81434599,1.687763713,0,1.687763713,0,0,13.5021097,0,0,0,0,0,0
0,0,0,0,2.252252252,0.45045045,0,0,0,0,0,0,0.45045045,2.252252252,0,0.45045045,0,0,0,0,0.900900901,0,0,3.153153153,0,3.153153153,0,0,0,0,2.702702703,0,0,0,0,0,0,0,0,0,2.702702703,0,8.558558559,0,0,0.45045045,0,0,0,1.351351351,0,0,9.459459459,1.351351351,0,0,0,0,0,2.702702703,0,0.45045045,0,0,0,7.657657658,0,0,0,0,0,0,0,0,0,1.351351351,0,0.45045045,0,4.054054054,0,0,4.954954955,0,0,0,0,0,0,0,4.504504505,0,0,0,0,0,0,6.306306306,0,0,0,0,0.900900901,1.351351351,0,0,0,0,4.504504505,1.351351351,0,0,0,0,0,5.855855856,1.351351351,0,0.900900901,0,0,10.36036036,0,0.45045045,0,0,0,0.900900901
0,0,0,0.36101083,1.805054152,0,0,0,0,0,0,0,0.36101083,4.332129964,0,0,0,0,0,0,1.083032491,0,0,6.498194946,0,5.415162455,0,0,0.36101083,0,1.083032491,0,0,0,0,0,0,0,2.888086643,0,1.083032491,0,2.527075812,0,0,0,0,0,0,0,0,0,0.722021661,0.722021661,0,0,0,0,0,0.722021661,0,0.722021661,0,0,0,3.249097473,0,0,0,0,0,0,0,0,0.36101083,0.36101083,0,2.166064982,0.36101083,15.16245487,0,1.444043321,6.137184116,0,0,0,0,0,0,0,8.664259928,0,0,0,0,0.36101083,0,4.693140794,1.083032491,0,0,0,0,0,0,0,0,0.36101083,6.137184116,0.722021661,0,0,0,0,0,6.859205776,1.805054152,0,2.527075812,0,0,6.498194946,0,0.36101083,0,0,0,0
0,0,0,0,3.793103448,0.344827586,0,0,0,0,0,0,6.551724138,0.344827586,0,0,0,0,0,0,0,0,0,5.862068966,0,3.793103448,0,0,0.689655172,0,3.793103448,0,0,0,0,0,1.724137931,0,3.793103448,0,1.034482759,0,3.103448276,0,0,0,0,0,0,0,0,0.689655172,1.724137931,0.344827586,0,0,0,0,0,1.034482759,0,0,0,0,0,3.793103448,0.344827586,0,0,0,0,0,0,0,0,0,0,0,1.034482759,9.655172414,0,0.344827586,5.172413793,0,0,0,0,0,0,0,8.275862069,0,0,0,0,0,0,6.206896552,3.103448276,0,0,0,0,0,0,0,0,0,5.862068966,1.379310345,0,0,0,0,0,5.172413793,1.379310345,0,3.103448276,0,0,4.482758621,0,1.724137931,0,0,0,0.344827586
0,0,0,13.91304348,0,0,0,0,0,0,0,0,0.289855072,17.10144928,0,0,0,0,0,0,0.289855072,0,0,1.15942029,0,0.579710145,0,0,0.869565217,0,0,0,0,0,0,0,0,0,0.869565217,0,6.376811594,0,0,0,0,0.289855072,0,0,0,0,0,0,0.289855072,0,0,0,0,0,0,0,0,0.289855072,0,0,0,0,2.608695652,0,0,0,0,0,0,0,0,1.15942029,1.739130435,1.15942029,0,1.449275362,0,0.289855072,0.579710145,0.579710145,0,0,0,0,0,0,30.72463768,0,0,0,0,0.579710145,0,0.579710145,0,0,0,0,0,0,0,0,0,0,9.855072464,0.869565217,0,0,0,0,0,3.47826087,0.579710145,0,0.289855072,0,0,1.15942029,0,0,0,0,0,0
0,0,0,9.295774648,0.845070423,0.563380282,0,0,0,0,0,0,1.126760563,16.90140845,0,0,0,0,0,0,0,0,0,0.281690141,0,0.845070423,0,0,0.281690141,0,0.845070423,0,0,0,0,0,0,0,0.281690141,0,6.197183099,0,2.535211268,0,0,1.408450704,0,0,0,0,0,0,0,0,0,0,0,0,0,0,0,0.281690141,0,0,0,0,2.253521127,0,0,0,0,0,0,0,0,0,0.281690141,1.690140845,0.281690141,0.563380282,0,1.690140845,0,1.126760563,0,0,0,0,0,0,32.3943662,0,0,0,0,0,0,0,0,0,1.971830986,0,0.281690141,0,0,0,0,0,4.507042254,1.690140845,0,0,0,0,0,6.76056338,0.281690141,0,0.845070423,0,0,0.281690141,0,0,0,1.408450704,0,0
0,0,0,7.384615385,1.230769231,0.307692308,0,0,0,0,0,0,1.846153846,40.61538462,0,0,0,0,0,0,0,0,0,0.615384615,0,0,0,0,0,0,0.307692308,0,0,0,0,0,0,0,0,0,2.769230769,0,3.384615385,0,0,0,0,0,0,0,0,0.923076923,0,0,0,0,0,0,0,0,0,0,0,0,0,0,0.923076923,0,0,0,0,0,0,0,0,0,0,3.384615385,0.615384615,0,0,4.615384615,0.307692308,0,0,0,0,0,0,0,17.84615385,0,0,0,0,0,0,0,0,0,1.846153846,0,1.230769231,0,0,0,0,0,1.846153846,0.923076923,0,0,0,0,0,3.076923077,0.615384615,0,0,0,0,0,0,0,0,3.384615385,0,0
0,0,0,0,0,1.809954751,0,0,0,0,0,0,15.83710407,44.79638009,0,0,0,0,0,0.452488688,3.619909502,0,0,0,0,0,0,0,0,0,0,0,0,0,0,0,0,0,0,0,0.904977376,0,2.714932127,0,0,0,0,0,0,0,0,0,0,0,0,0,0,0,0,0,0,0,0,0,0,0,0.452488688,0,0,0,0,0,0,0,0.452488688,0,0,4.524886878,1.357466063,0,0,11.31221719,0,0,0,0,0,0,0,0,3.167420814,0,0,0,0,0,0,0,0,0,1.357466063,0,0.452488688,0.452488688,0,0,0,0,0.904977376,1.357466063,0,0,0,0,0,0,0,0,1.357466063,0,0,0.904977376,0,0,0,1.809954751,0,0
0,0,0,1.712328767,0,0,0,0,0,0,0,0,16.09589041,49.65753425,0,0,0,0,0,0,0.342465753,0,0,0,0,0.684931507,0,0,0,0,0,0,0,0,0,0,0,0,0,0,1.712328767,0,5.821917808,0,0,0.684931507,0,0,0,0,0,0,0,0,0,0,0,0,0,0,0,0,0,0,0,0,1.369863014,0,0,0,0,0,0,0,0.342465753,0,1.02739726,3.082191781,0.342465753,0,0,2.054794521,0,0,0,0,0,0,0,0,3.767123288,0,0,0,0,0,0,0,0,0,5.136986301,0,0,1.02739726,0,0,0,0,1.02739726,1.369863014,0,0,0,0,0,1.02739726,0.684931507,0,0,0,0,0,0,0,0,1.02739726,0,0
0,0,0,7.717041801,1.92926045,0,0,0,0,0,0,0,6.752411576,25.72347267,0,0,0,0,0,0.964630225,1.286173633,0,0,1.607717042,0,0,0,0,0,0,0,0,0,0,0,0,0,0,0,0,2.250803859,0,5.144694534,0,0,0.321543408,0,0,0,0,0,0.321543408,0,0,0,0,0,0,0,0,0,0,0,0,0,0,0.964630225,0,0,0,0,0,0,0,0,1.607717042,0.964630225,4.180064309,2.250803859,0,0,9.003215434,0,0,0,0,0,0,0,0,13.82636656,0,0,0,0,0,0,0,0,0,0.964630225,0,0,0.321543408,0,0,0,0,6.109324759,1.92926045,0,0,0,0,0,0.643086817,0,0,0.964630225,0,0,0.643086817,0,0,0,1.607717042,0,0
0,0,0,0,3.300330033,1.320132013,0,0,0,0,0,0,0,0,0,0.660066007,0,0,0,0,0.99009901,0.330033003,0,1.320132013,0,4.95049505,0,0,1.650165017,0,1.650165017,0,0,0,0,0,3.300330033,0,4.95049505,0,0.660066007,0,1.98019802,0,0,1.98019802,1.650165017,0,0,0.99009901,0,0.330033003,7.920792079,0.330033003,0,0,0,0,0,1.320132013,0,1.320132013,0,0,0,0.660066007,0,0,0,6.600660066,0,0,0,0,1.320132013,4.620462046,0,0.660066007,0.660066007,0,0,0.660066007,1.650165017,0.660066007,0,0,0,0.330033003,0,0,0,0,0,0,0,1.320132013,0,2.97029703,1.650165017,0,0,0,0,0,0,0,0,2.640264026,2.97029703,0,0,0,0,0,3.300330033,2.640264026,5.940594059,0,4.95049505,0,0,9.570957096,0.330033003,0.99009901,0,0,0,0
0,0.657894737,0,0.219298246,0.877192982,0.877192982,0,1.315789474,0,0.219298246,0.219298246,0,0.438596491,16.66666667,0,0,0,0,0,0.657894737,0.657894737,0,0,0.657894737,1.754385965,1.096491228,0,0.219298246,0.219298246,0,1.754385965,0.219298246,0.438596491,0,0,0.219298246,0.657894737,1.754385965,0.877192982,0,1.535087719,1.973684211,2.631578947,0.219298246,0.219298246,0.219298246,0.219298246,0.219298246,0,0,0.657894737,1.973684211,2.192982456,0.438596491,0.657894737,0,0,0.438596491,0,0.657894737,0.657894737,0,0,0.657894737,1.535087719,0.657894737,1.315789474,2.412280702,0,3.728070175,0,0,0.219298246,0,0.657894737,1.315789474,0.877192982,0.438596491,2.192982456,2.631578947,0,2.850877193,1.754385965,0,0.219298246,0.877192982,0.438596491,0.438596491,0,0.219298246,1.535087719,0.219298246,0,1.096491228,2.412280702,0.219298246,0,0,0.438596491,0,0.877192982,0,1.096491228,0.219298246,0.877192982,0.438596491,0,0.219298246,1.973684211,0.219298246,0,0.219298246,1.315789474,0,0.657894737,2.412280702,3.070175439,0,1.315789474,0,0,1.754385965,0,0.438596491,0,1.315789474,0.657894737,0.438596491
0,0,0,0,0.909090909,1.363636364,0.454545455,0.227272727,0,0,0,0,0,5,0,0,0,0,0,0.454545455,2.954545455,0,0,1.363636364,1.818181818,1.818181818,0,0.454545455,0,0,0.454545455,0,0.227272727,0,0.227272727,0,0.681818182,1.590909091,4.772727273,0,0.454545455,2.045454545,0.909090909,0,0.227272727,0.681818182,0,0,0,0,0,2.727272727,2.272727273,0,0,0.227272727,0,0,0,1.363636364,0.681818182,0.227272727,0,0,0.909090909,0,0.681818182,1.590909091,0,5.909090909,0,0,0,0,0.227272727,1.818181818,0.454545455,0.227272727,3.863636364,17.72727273,0.454545455,1.363636364,2.045454545,0.227272727,0,0,0.454545455,0,0,0,0.909090909,0,1.136363636,1.363636364,3.181818182,0,0.227272727,0,0.454545455,0,0,0,0.909090909,0.454545455,1.590909091,0,0,0.227272727,2.954545455,1.136363636,0,0,0,0,0.454545455,3.181818182,1.590909091,0,0.454545455,0,0.454545455,0.909090909,0,0,0,0,0.454545455,0.454545455
0.230946882,0,0,0,0.461893764,0.692840647,1.385681293,0.692840647,0.461893764,0,0.461893764,0,0,0.923787529,0,0.692840647,0.923787529,0.230946882,0,0.692840647,1.385681293,0,0.461893764,0.692840647,1.847575058,2.309468822,0,0.923787529,1.847575058,0,0.461893764,0,1.154734411,0,0.461893764,0.923787529,3.464203233,1.847575058,1.616628176,0,0.461893764,0.923787529,0.692840647,0.461893764,0.230946882,0.230946882,0,0.692840647,0,1.154734411,0,0.692840647,2.309468822,0.923787529,0.461893764,0,0,0.692840647,0.230946882,1.616628176,0,0,0.230946882,0.923787529,1.847575058,2.540415704,0,2.771362587,0.461893764,3.926096998,0,0,0,0.230946882,0.461893764,1.616628176,0.461893764,0,0.692840647,2.07852194,0,0,3.926096998,0.692840647,0.461893764,3.926096998,0,2.07852194,0.461893764,0.230946882,0,0,0,1.154734411,3.002309469,0.461893764,0.461893764,1.154734411,0.461893764,0,0,0,1.154734411,0.230946882,0.461893764,0.692840647,0,0.923787529,1.616628176,0,0.230946882,0.461893764,0.461893764,0,0.230946882,0.230946882,0.923787529,0,1.154734411,0,0,7.159353349,0.461893764,0.923787529,0,0,1.847575058,0.692840647
0.423728814,0.211864407,0,0.211864407,0.847457627,0.211864407,0,1.694915254,0,0,0,0,0,1.059322034,0.211864407,0.211864407,0,0,0,1.483050847,0.423728814,0,1.694915254,2.330508475,3.389830508,2.330508475,0,0.423728814,1.906779661,0,0.211864407,0,0.211864407,0,0,0.211864407,2.118644068,5.296610169,0.423728814,0,0.63559322,1.906779661,0.847457627,0,0.211864407,0.211864407,0.423728814,0.211864407,0,0.63559322,0,0.847457627,2.330508475,0.211864407,0,0.423728814,0,0,0.423728814,3.389830508,0,0,0,0.211864407,2.118644068,2.966101695,0,2.118644068,0.211864407,1.483050847,0,0,0,0,0.63559322,4.661016949,0,0,0.63559322,4.872881356,0,0,5.296610169,0.423728814,0,1.483050847,0.211864407,3.177966102,0.423728814,0,0,0,0.211864407,0.63559322,0.423728814,1.271186441,0.211864407,2.542372881,0.423728814,0,0,0.211864407,0.847457627,0,2.542372881,2.118644068,0,0.847457627,1.059322034,0,0.423728814,0,0.211864407,0,0.211864407,0.63559322,0.63559322,0,3.601694915,0,0,3.601694915,0.63559322,0.211864407,0,0,0.423728814,1.059322034
0,1.486199575,0,0,1.27388535,1.27388535,0.212314225,0.8492569,0.212314225,0.636942675,0,0,0,0,0,0,0,0,0,2.972399151,1.061571125,0,0,4.246284501,8.067940552,1.27388535,0,1.27388535,0,0,2.123142251,0,1.061571125,0,0.636942675,0,0.212314225,3.821656051,4.033970276,0,1.486199575,3.821656051,0,0,0.212314225,0.636942675,0.212314225,0,0,0,0,0.42462845,0.8492569,0.636942675,0.212314225,0,0,0,0,1.910828025,0.8492569,0,0,0,2.123142251,0.8492569,0.8492569,0.8492569,0,2.972399151,0,0,0,0,0.212314225,3.397027601,0.636942675,0.212314225,0.8492569,8.917197452,0,0,3.397027601,0,0.636942675,1.27388535,0,0,0.212314225,0,1.486199575,0,0.42462845,0.636942675,2.123142251,0,0.8492569,1.27388535,0,0,0,0.212314225,1.27388535,0.636942675,0.8492569,0.42462845,0,0,2.972399151,0,0.636942675,0,0,0,0.212314225,0.212314225,2.123142251,0,1.486199575,0,0,2.123142251,0,0.212314225,0,0,0.636942675,0.636942675
0,0.595238095,0,0,1.19047619,0,0.198412698,0,0,0,0,0,0,14.48412698,0.198412698,0,0,0,0,2.380952381,0.396825397,1.19047619,0,2.182539683,1.587301587,1.19047619,0,0.198412698,0,0,0.396825397,0,0.396825397,0,0,0,0,1.587301587,0,0,2.380952381,1.587301587,5.753968254,0,0,0,0,0,0,0,0,1.19047619,0.992063492,0,0.396825397,0,0,0,0,0.396825397,0.198412698,0,0,0,2.182539683,1.19047619,0.396825397,0.793650794,0,0.396825397,0,0,0,0,0.396825397,1.388888889,0.396825397,1.984126984,2.976190476,15.47619048,0,0,2.182539683,0.198412698,0,0.396825397,0.396825397,0,0,0,3.373015873,0,0,0.198412698,1.388888889,0,0,0.198412698,1.388888889,0,0.396825397,0,1.785714286,0.198412698,9.325396825,0.595238095,0,0,2.579365079,0.198412698,0,0,0.595238095,0,0.198412698,0,0.595238095,0.595238095,0.396825397,0,0,1.19047619,0,0.198412698,0,0.198412698,0.595238095,0.198412698
0,0.229885057,0,0,0.91954023,0.459770115,0,0.229885057,0.459770115,0.229885057,0,0,0,0.459770115,0,0,0,0,0,1.149425287,0.91954023,0.459770115,0,5.057471264,3.218390805,0.91954023,0,0.689655172,0.459770115,0,0,0,0.91954023,0,0,0,0,2.528735632,6.666666667,0,1.379310345,2.75862069,0.459770115,0,0.91954023,0.91954023,0.229885057,0.229885057,0,0,0,2.068965517,1.379310345,0,0.229885057,0.229885057,0.229885057,0.229885057,0.459770115,0.91954023,0.229885057,0,0,0.229885057,0.91954023,0.689655172,1.83908046,2.528735632,0,1.149425287,0,0,0.689655172,0,0.229885057,2.75862069,0,0.229885057,1.83908046,16.55172414,0,0,3.67816092,0,0.689655172,0.91954023,0.229885057,0,0,0,0.459770115,0,1.149425287,0.459770115,2.298850575,0,0.689655172,0.689655172,0.229885057,0,0,0,1.609195402,0.229885057,1.379310345,0,0,0.229885057,4.597701149,0,0.229885057,0,0.459770115,0,0,0,1.149425287,0,0.459770115,0,0.229885057,4.827586207,0,0.689655172,0,0,0.91954023,0.689655172
0,0,0.178571429,0,0.892857143,0.357142857,0,0,0.357142857,0.357142857,0.535714286,0,0,0.357142857,0,0,0,0,0,1.25,0.892857143,1.785714286,0,2.857142857,4.285714286,1.785714286,0,1.964285714,0.357142857,0,1.071428571,0,0.178571429,0,0,0,0,3.571428571,3.928571429,0,1.607142857,1.25,1.428571429,0,0.178571429,1.071428571,0,0.178571429,0,0,0,2.142857143,2.321428571,0,0.535714286,0,0,0.178571429,0.357142857,0.535714286,1.071428571,0,0,0.178571429,0.535714286,0.535714286,0.178571429,2.142857143,0,0.714285714,0,0,0,0,0.357142857,0.892857143,0,0.178571429,2.321428571,20.17857143,0,0,4.107142857,0.535714286,0.178571429,1.071428571,0,0,0,0,1.25,0,0.892857143,0.535714286,3.035714286,0,0.535714286,1.428571429,0.892857143,0,0,0,1.25,0,2.678571429,0.357142857,0,0,2.5,0,0,0,0.178571429,0,0,0,1.25,0,0.535714286,0,0,3.214285714,0,1.428571429,0,0,0.535714286,1.785714286
0,0,0,0,0.480769231,2.163461538,1.201923077,0,0,0,0,0,0,0.240384615,0,0,0,0,0,3.605769231,1.682692308,0.480769231,0,2.163461538,4.807692308,4.807692308,0,0.721153846,1.201923077,0,0.961538462,0,0,0,0,0,0,4.326923077,0.961538462,0,2.403846154,2.644230769,0.240384615,0,0.721153846,0.721153846,0.721153846,0.480769231,0,0,0,1.201923077,3.365384615,0,0.240384615,0.240384615,0,0,0.480769231,1.201923077,0.240384615,1.201923077,0,0,0.961538462,0.240384615,0,1.923076923,0,2.403846154,0,0,0.240384615,0,0,3.125,0,0.240384615,2.884615385,7.211538462,0,0,3.125,0,0.240384615,2.644230769,0.240384615,0,0,0,0,0,1.442307692,0.240384615,0.721153846,0,0.240384615,3.365384615,0.240384615,0,0,0.480769231,0.480769231,0.961538462,1.201923077,0.240384615,0,1.201923077,4.326923077,0.240384615,0,0,0,0,0.240384615,0.480769231,1.442307692,0,1.923076923,0,0,3.365384615,0,2.163461538,0,0,1.201923077,0.721153846
0,0,0,0.220264317,1.101321586,0.660792952,1.101321586,0.440528634,0,0,0.220264317,0,0,0,0,0,0,0,0.220264317,1.982378855,0.881057269,0.660792952,0,2.643171806,3.964757709,3.524229075,0,1.101321586,0.881057269,0,2.422907489,0,0.440528634,0,0.220264317,0.220264317,0,5.066079295,1.982378855,0,0.881057269,1.982378855,0.220264317,0.220264317,0.220264317,0.440528634,1.101321586,0.440528634,0.220264317,0,0,1.101321586,3.303964758,0,0.220264317,0,0,0.440528634,1.101321586,1.982378855,0.440528634,1.321585903,0,0.220264317,0.660792952,0.440528634,0,2.863436123,0,1.321585903,0,0,0.220264317,0,0.660792952,2.202643172,0.220264317,0.220264317,1.762114537,5.50660793,0.220264317,0,2.643171806,0.440528634,0.440528634,0.881057269,0.881057269,0,0,0,0,0,0,1.762114537,5.066079295,0,0.440528634,4.405286344,0,0.220264317,0,0,0.220264317,0,0.660792952,0,0,0.220264317,5.066079295,0,0.220264317,0.220264317,0.220264317,0,0.660792952,0.660792952,1.762114537,0,1.762114537,0,0,1.982378855,0.220264317,3.083700441,0,0,0.440528634,0.440528634
0,1.33037694,0,0,0.22172949,0.88691796,0.22172949,1.77383592,0.66518847,0,0,0,0,0.66518847,0,0,0,0,0,1.99556541,0.44345898,0.22172949,0,0.88691796,14.19068736,0.66518847,0,2.88248337,0.66518847,0,2.66075388,0,0,0,0.22172949,0,0.22172949,1.33037694,6.873614191,0,0.66518847,2.2172949,1.77383592,0,0,0.88691796,0,0,0,0,0,0.66518847,1.33037694,0.22172949,0,0,0,0.22172949,0.66518847,1.55210643,1.10864745,0.44345898,0,0,1.33037694,0,0.88691796,4.87804878,0,3.10421286,0,0,0,0,0,6.208425721,0.66518847,0,0.22172949,4.87804878,0,0,1.77383592,0.22172949,0.44345898,0.44345898,0.44345898,0,0,0,1.55210643,0,0,0,1.77383592,0,1.10864745,0.22172949,0,0,0,0.22172949,2.43902439,0,1.99556541,0,0,0.22172949,3.54767184,0,0,0,0.66518847,0,0.22172949,0,1.77383592,0.22172949,1.55210643,0,0,2.43902439,0,0.44345898,0,0.22172949,0,0
0,0.858369099,0.214592275,0,1.716738197,0,1.072961373,0.643776824,0,0,0.429184549,0,0,3.433476395,0,0,0,0,0,2.145922747,2.145922747,1.931330472,0,1.716738197,3.64806867,0.214592275,0,0.643776824,0,0,0.643776824,0,0.858369099,0,0.214592275,0,0,1.931330472,6.652360515,0,1.072961373,2.575107296,1.502145923,0,0,0.858369099,0.429184549,0.429184549,0,0,0,1.716738197,0.858369099,0.214592275,0.858369099,0.429184549,0,0,0.429184549,0.429184549,0.429184549,0.643776824,0,0.214592275,1.072961373,0.429184549,1.072961373,1.502145923,0,2.360515021,0,0,0,0,0.429184549,2.360515021,0.643776824,1.072961373,2.789699571,11.37339056,0,0,2.575107296,0.214592275,0.429184549,0.858369099,0,0,0,0,1.502145923,0,1.287553648,0.858369099,3.21888412,0,0,0,0,0,0,0,1.287553648,0.429184549,3.64806867,0,0,0,2.575107296,0,0,0.214592275,0,0,0.858369099,0.643776824,1.072961373,0,0.214592275,0,0.214592275,3.21888412,0,1.072961373,0,0,1.931330472,0.429184549
