Acanthodesmia_micropora,Acanthodesmia_viniculata,Acanthosphaera_spp.,Acrobotrys_teralans,Acrosphaera_arktios,Acrosphaera_lappacea,Acrosphaera_mercurius,Acrosphaera_murrayana,Acrosphaera_spinosa,Actinomma_antarcticum,Actinomma_arcadophorum,Actinomma_boreale,Actinomma_delicatulum,Actinomma_hastatum,Actinomma_leptodermum_s.l.,Actinomma_medianum,Actinomma_popofskii,Actinomma_sol,Actinomma_spp.,Actinomma_trinacria,Actinosphaera_spp.,Amphiplecta_acrostoma,Amphirhopalum_ypsilon,Anomalocantha_dentata,Antarctissa_denticulata,Antarctissa_spp.,Antarctissa_strelkovi,Stichopilidium_kruegeri,Anthocyrtidium_zanguebaricum,Arachnocorys_umbellifera,Archipilium_orthopterum,Artobotrys_borealis,Artostrobus_annulatus,Artostrobus_joergenseni,Axoprunum_stauraxonium,Botryocephalina_armata,Botryocyrtis_scutum,Botryopyle_cribrosa,Botryopyle_inflata,Botryostrobus_aquilonaris,Botryostrobus_auritus/australis,Botryostrobus_spp.,Callimitra_spp.,Carpocanarium_papillosum,Carpocanistrum_spp.,Cenosphaera_cristata,Cenosphaera_perforata,Cenosphaera_spp.,Ceratocyrtis_histricosa,Circodiscus_microporus,Cladococcus_abietinus,Cladoscenium_ancoratum,Cladoscenium_limbatum,Cladoscenium_sp._1,Cladoscenium_tricolpium,Clathrocanium_coarctatum,Corythospyris_stapedius,Collosphaera_tuberosa,Collosphaerid,Cornutella_profunda,Corocalyptra_craspedota,Pseudodictyophimus_horrida,Cubotholus_spp.,Cycladophora_bicornis,Cycladophora_davisiana_cornutoides,Cycladophora_davisiana_davisiana,Cypassis_irregularis,Cypassis_spp.,Cyrtopera_laguncula,Dendrospyris_spp.,Dictyocoryne_profunda,Dictyocoryne_truncatum,Dictyophimus_archipilium,Pterocanium_auritum,Dictyophimus_crisiae/hirundo,Dictyophimus_infabricatus,Dictyophimus_killmari,Dictyophimus_spp.,Didymocyrtis_tetrathalamus,Stylatractus_ostracion,Druppatractus_variabilis,Enneaphormis_rotula,Euchitonia_elegans/furcata_gr.,Eucyrtidium_acuminatum,Eucyrtidium_annulatum,Eucyrtidium_cienkowskii,Eucyrtidium_hexagonatum,Eucyrtidium_octocolum,Eucyrtidium_spp.,Eucyrtidium_teuscheri,Euphysetta_elegans,Euphysetta_nathorstii,Euphysetta_staurocodon,Gondwanaria_campanulaeformis,Gondwanaria_dogieli,Gondwanaria_spp.,Gonosphaera_primordialis,Heliodiscus_asteriscus,Hexacontium_enthacanthum,Hexacontium_gigantheum,Hexacontium_melpomene,Hexacontium_pachydermum,Hexapyle_dodecantha,Hexastylus_spp.,Hymeniastrum_euclidis,Lamprocyclas_hannai,Lamprocyclas_maritalis_s.l.,Lamprocyrtis_nigriniae,Lampromitra_coronata,Litheliidae/Pyloniidae,Larcopyle_buetschlii,Larcopyle_pylomaticus,Larcopyle_weddellium,Larcospira_bulbosa,Larcospira_quadrangula,Larnacilla_typus,Lipmanella_bombus,Lipmanella_dictyoceras,Liriospyris_reticulata,Litharachnium_tentorium,Lithelius_minor,Lithelius_nautiloides,Lithelius_sp._1,Lithocampe_?_furcaspiculata,Lithocampe_?_platycephala,Lithomelissa_setosa,Lithomelissa_sp._B,Lithomelissa_hystrix,Lithomelissa_laticeps,Lithomelissa_sp._A,Lithomelissa_thoracites,Lonchosphaera_spicata,Lophophaena_buetschlii,Lophophaena_hispida,Lophospyris_pentagona,Mitrocalpis_araneafera,Solenosphaera_zanguebarica,Peridium_longispinum,Peripyramis_circumtexta,Peromelissa_phalacra,Phormacantha_hystrix,Phormospyris_stabilis,Phormostichoartus_corbula,Phorticium_clevei,Plectacantha_cremastoplegma,Plectacantha_oikiskos,Plectopyramis_dodecomma,Protocystis_balfouri,Protocystis_harstoni,Protocystis_swirei,Pseudocubus_obeliscus,Pseudodictyophimus_platycephalus,Pseudodictyophimus_bicornis,Pseudodictyophimus_gracilipes,Pseudodictyophimus_gracilipes_multispinus,Pterocanium_praetextum_eucolpum,Pterocanium_praetextum_praetextum,Pterocanium_charybdeum,Pterocorys_clausus/zancleus,Pterocorys_hertwigii,Pteroscenium_pinnatum,Pylospira_octopyle,Rhizoplegma_boreale,Saccospyris_antarctica,Saccospyris_conythorax,Saturnalis_circularis,Schizodiscus_stylotrochoides,Sethoconus_tabulatus,Siphocampe_arachnea,Siphocampe_lineata,Siphonosphaera_socialis,Sphaeropyle_antarctica,Sphaeropyle_robusta,Sphaerozoum_punctatum,Spongaster_tetras,Spongocore_cylindricus,Spongodiscus_resurgens,Spongopyle_osculosa,Spongotrochus/Spongopyle_spp.,Spongotrochus_glacialis,Spongurus_sp._cf._S._elliptica,Stichocorys_seriata,Stichopilium_bicorne,Stylatractus_neptunus,Stylatractus_sp._A,Stylatractus_spp.,Stylochlamydium_asteriscus,Stylochlamydium_spp.,Stylochlamydium_venustum,Stylodictya_aculeata,Stylodictya_spp.,Stylodictya_tenuispina,Stylodictya_validispina,Styptosphaera_spumacea,Tetraphormis_dodecaster,Tetrapyle_octacantha/stenozona,Theocorys_veneris,Theocorythium_trachelium,Tholospyris_gephyristes,Triceraspyris_antarctica,Trissocyclidae,Trisulcus_testudus,Trisulcus_triacanthus,Zygocircus_productus_gr.
0.497512438,0,0,0,0,0,0,0,0,0,0,0.248756219,0,0,0.497512438,0,0,0,0,0,0,0,0,0,14.67661692,0.497512438,2.487562189,0,0,0,0,0,0.995024876,0.995024876,0,0,0,0,0,0,0.995024876,0,0,0,0,0,0,0,0,0,0,0,0,0,1.492537313,0,0,0,0,0,0,0,0,0.248756219,0.995024876,4.975124378,0,0,0.746268657,0,0,0,0,0,0,0,0,0,0,0,1.741293532,0,0,0,0,0,0,0,0,0,0,0,0,0,0,0,0,0,0,0,0,0,0,0,0,0,0,0,0,8.955223881,0,0.995024876,1.243781095,0,0,0,0,0,0,0,0.248756219,0.497512438,0.746268657,0.995024876,1.741293532,1.243781095,0,0,0,3.233830846,0,0,0,0,0,0,0,0.746268657,0.746268657,0,0.497512438,0,0,0,0,0.248756219,0,0,0,0,0,0.746268657,0.497512438,2.487562189,0.497512438,0,0,0,0,0,0,0,0.248756219,1.243781095,0.248756219,0,0,0,6.965174129,0,0,0.746268657,0,0,0,0,0,0.497512438,2.487562189,0.995024876,0,0,0,0,0,0,0,0,0,1.990049751,0,0.497512438,0,0,0,0,0,0,0,0.746268657,0,0,0,8.706467662
0,0,0,0,0,0,0.233100233,0,0,0,0,0.932400932,0.233100233,0,0.466200466,0,0,0,0.699300699,0,0,0,0,0,23.54312354,0.466200466,12.12121212,0,0,0,0,0,0.932400932,1.165501166,0,0,0,0,0,0,1.631701632,0,0,0.233100233,0,0,0,0.233100233,0,0,0,0,0,0,0.932400932,0,0,0,0,0.233100233,0,0,0,0,0.233100233,6.060606061,0,0,0.233100233,0,0,0,0,0,0,0,0,0,0,0,0.699300699,0.466200466,0,0,0,0,0,0,0,0,0,0,0,0.233100233,0,0,0,0,0,0,0,0,0,0,0,0,0,0,0,10.48951049,1.165501166,0.932400932,1.398601399,0,0,0,0,0,0,0,0,1.631701632,0.233100233,0.233100233,1.631701632,0.466200466,0,0,0,2.097902098,0,0,0,0,0,0,0,0.466200466,0,0,0,0,0,0,0,0,0,0,0,0,0,0.233100233,0.233100233,2.097902098,0.233100233,0,0,0,0,0,0,0,0,0.932400932,0,0,0,0,2.097902098,0,0,0.233100233,0,0,0,0,0.233100233,1.165501166,2.564102564,0.699300699,0,0,0,0.233100233,0,0,0,0,0,0.932400932,0,0.466200466,0,0,0,0,0,0,0,1.165501166,0,0,0,5.361305361
0.985221675,0,0,0,0,0,0.246305419,0,0,0,0,0,0.246305419,0,0.492610837,0,0,0,0.492610837,0,0,0,0,0,11.08374384,0,5.911330049,0,0,0,0,0,2.216748768,1.477832512,0,0,0,0,0,0,1.724137931,0,0,0,0,0,0,0,0,0,0,0.985221675,0.492610837,0,0.738916256,0,0,0,0,0.738916256,0,0,0,0,0,5.418719212,0,0,0.246305419,0,0,0,0,0,0.246305419,0,0,0,0,0,2.463054187,0.246305419,0,0,0,0,0,0,0,0.492610837,0,0,0,0.492610837,0,0,0.492610837,0,0,0,0,0,0,0,0,0,0,0,0,9.60591133,0.985221675,0,0.985221675,0,0,0,0,0,0,0,0,0.246305419,0.492610837,0.246305419,1.477832512,0.492610837,0,0,0,3.694581281,0,0,0,0,0,0,0,1.231527094,0.246305419,0,0.246305419,0,0,0.246305419,0,0,0,0,0,0,0,0.738916256,0.246305419,5.911330049,1.724137931,0,0,0,0,0,0,0,0,0.738916256,0,0,0,0,7.389162562,0,0,0,0,0,0,0,0.246305419,0.246305419,1.724137931,0.738916256,0,0,0,0,0,0,0,0,0,2.955665025,0,0.492610837,0,0,0,0,0,0,0,0.492610837,0,0,0,8.128078818
0,0,0,0,0,0,0,0,0,0.27027027,0,1.351351351,0.27027027,2.702702703,1.351351351,0.540540541,0,0,5.405405405,0,0,0,0,0,1.351351351,0,0,0,0,0,0,0,0,0,0,0,0,0,0,0,0,0,0,0,0,2.432432432,0,0.540540541,0.540540541,0,0,0,0.27027027,0,0,0,0,0,0,0,0.810810811,0,0,48.64864865,0,1.351351351,0,0,0,0,0,0,0,0,0.27027027,0,0,0,0,0,0,0,0,0.27027027,0,0,0,0,0,0,0,0,0,0,0.810810811,0,0,0,0.27027027,0,0,0.27027027,0,0,0,0,0,0,0,0,1.351351351,0.27027027,0,0,0,0,0,0,0.27027027,0,0.27027027,0.27027027,0,0,0,0,0,0,0,0,0,0.540540541,0,0,0,0.27027027,0,0,0,0,0,0,0,5.945945946,0.540540541,0,0.27027027,0,0,0,0,0,0,0,0,0,0,0,0.27027027,0,0,0,0,0.27027027,0,0,1.621621622,0,0,0,0,0.810810811,0,0,0,0,0.27027027,4.594594595,2.972972973,1.081081081,0,0,0,0.27027027,0,0,0,0,1.351351351,0,0,0,0,0,0,0,0,0,0,5.675675676,0,0,0,0
0,0,0,0,0,0,0,0,0,1.078167116,0,0.269541779,0.269541779,1.078167116,0,0.539083558,0,0,2.964959569,0,0,0,0,0,12.93800539,0.539083558,4.312668464,0,0,0,0,0,0.269541779,0,0,0,0,0,0.269541779,0,0.269541779,0.269541779,0,0,0,0.539083558,0,1.617250674,0.269541779,0,0,0,0,0,0,0,0,0,0,0,0,0,0,32.61455526,0,0.269541779,0,0,0,0,0,0,0,0,0.269541779,0,0,0,0,0.269541779,0,0.269541779,0,0,0,0,0,0,0,0.539083558,0,0,0,0,0,0,0,0,0,0,0,0,0,0,0,0,0,0,0,0,2.964959569,0,0.269541779,0,0,0,0,0,0,0.269541779,0,0.269541779,0,0,0,0,0,0,0,0.269541779,0.808625337,0.539083558,0,0,0,0.539083558,0,0,0,0,0,0,0,4.312668464,0.539083558,0,0,0,0,0,0,0,0,0.539083558,0,0,0,0,0.269541779,0,0,0,0,1.078167116,0.269541779,0.539083558,0.808625337,0,0.539083558,0,0,1.078167116,0,0,0,0,0,4.043126685,4.312668464,2.964959569,0,0,0,0.808625337,0,0,0,0,0.539083558,0.269541779,0,0.539083558,0.269541779,0,0.269541779,0,0,0,0.269541779,4.582210243,0,0,0,0
0,0,0.387596899,0,0,0,0,0,0,1.162790698,0,2.713178295,2.325581395,0,0.387596899,1.550387597,0,0.387596899,5.03875969,0.775193798,0,0,0,0,5.426356589,0,1.937984496,0,0,0,0,0,0,0,0.387596899,0,0,0.387596899,0,0,0,0.387596899,0,0,0,0,0,2.713178295,0.387596899,0,0,0.387596899,0,0,0,0,0,0,0,0,2.325581395,0,0,8.527131783,0.775193798,2.325581395,0,0,0,0,0,0,0,0,0.387596899,0,0,0,0,0,0,0,0,0.387596899,0,0,0,0.775193798,0.387596899,0,0,0,0,0,0.387596899,0,0,1.550387597,0,0,0,0.387596899,0,0,2.325581395,0.387596899,0.775193798,0,0,0,3.100775194,0,0,0,0,0,0,0,0,0,0.387596899,0.387596899,0,0,0,0,0,0,0,0,0,0.387596899,0,0,0,0,0,0,0.387596899,0,0,0,0,4.651162791,0,0,0,0,0,0,0,0,0,0.387596899,0,0.775193798,0,0,8.527131783,0,0,0,0,0.387596899,0,0.387596899,0.387596899,0,0,0,0,0.387596899,0,0,0,0.387596899,0,3.875968992,7.364341085,2.325581395,0,0,0,0.387596899,0,0,0,0,0.775193798,0,0,3.875968992,0.387596899,0,1.162790698,1.550387597,0,0.775193798,0,1.162790698,0,0,0,0
0,0,0,0,0,0,0,0,0,0.775193798,0,0.258397933,1.550387597,0,0.516795866,1.291989664,0.516795866,0,15.7622739,0,0,0,0,0,26.87338501,0.516795866,5.684754522,0,0,0,0,0,0,0,0,0,0,0,0,0.258397933,0,0,0,0,0,0.516795866,0,0.775193798,0,0,0,0,0,0,0,0,0,0,0,0,0,0,0,1.80878553,0,5.426356589,0,0,0,0,0,0,0,0,0.516795866,0,0,0,0,0,0,0,0,0,0,0,0,0,0,0,0,0,0,0,0,0,0,0,0,0,0,0.258397933,0,0,0,0,0,0,0,0,1.550387597,1.291989664,0.258397933,0,0,0,0,0.258397933,0,0,0.775193798,0,0,0,0,0,0,0,0,0,0,0,0,0,0,0.258397933,0,0,0,0,0,0,0,1.80878553,0.775193798,0,0,0,0,0,0,0,0.258397933,0.258397933,0,0,0,0,0.516795866,0,0,0,0,2.067183463,0,0,1.291989664,0,0,0,0,1.80878553,0,0,0,0,0.775193798,5.167958656,10.07751938,2.067183463,0,0,0,0.258397933,0,0,0,0,3.875968992,0,0,0,0,0,0,0,0,0,0,0.516795866,0,0,0,0
0,0,0,0,0,0,0,0,0,0.46728972,0,2.336448598,0.934579439,1.635514019,2.102803738,0.23364486,0.23364486,0,4.205607477,0,0,0,0,0,19.85981308,0.46728972,5.373831776,0,0,0,0,0,0,0,0,0,0,0,0,0.23364486,0,0,0,0,0,0.934579439,0,1.401869159,0.46728972,0,0,0.23364486,0,0,0,0,0,0,0,0,0,0,0,18.45794393,0.23364486,2.102803738,0,0,0,0,0,0,0,0,0.700934579,0,0,0,0,0.46728972,0,0,0,0,0,0,0,0,0,0,0,0,0,0,0.23364486,0,0,0,0,0,0,0,0,0.23364486,0,0,0,0,0,0,1.168224299,0.934579439,0.46728972,0,0,0,0,0,0,0,0.46728972,0,0,0,0,0,0,0,0,0.23364486,0,0,0,0,0,0.46728972,0,0,0,0,0,0,0,7.009345794,0,0,0,0,0,0,0,0,0,0,0,0,0,0,0.23364486,0,0,0,0.23364486,3.037383178,0,0,0.23364486,0,0,0,0,0.23364486,0,0,0,0,0,3.738317757,1.869158879,2.570093458,0,0,0,0.23364486,0,0,0,0,2.102803738,0,0,0.46728972,0,0,0,0,0,0,0,9.112149533,0,0.23364486,0,0
0,0.27700831,0.27700831,0,0,0,0,0,0,2.493074792,0,0.831024931,0.831024931,0,0.55401662,0,0,0,6.925207756,0,0,0,0,0,14.95844875,0,32.4099723,0,0,0,0,0,0,0,0,0,0,0,0,0,0,0,0,0,0,0,0,0,0.831024931,0,0,0,0.27700831,0,0,0,0,0,0,0,0,0,0,14.95844875,0,0.831024931,0,0,0,0,0,0,0,0,0.27700831,0,0,0,0,0,0,0.27700831,0,0,0,0,0,0,0,0,0,0,0,0,0,0,0,0,0,0,0,0,0,0,0,0,0,0,0,0,1.385041551,0,0,0,0,0,0,0,0,0,0,0,0,0,0,0,0,0,0,0,0,0.27700831,0,0,0,0,0,0,0,0,0,0,0,2.770083102,0.27700831,0,0,0,0,0,0,0.55401662,0,0,0,0,0,0,0,0,0,0,0.27700831,1.939058172,0,0,0,0,0,0,0,0.27700831,0,0,0,0,0.831024931,1.939058172,1.662049861,1.662049861,0,0,0,0,0,0,0,0,3.324099723,0,0,0,0,0,0,0,0,0,0,3.601108033,0,0,0,0
0,0,0,0,0,0,0,0,0,0,0,0,0,0,0.306748466,0,0,0,0.306748466,0,0,0,0,0,31.59509202,2.45398773,7.668711656,0,0,0,0,0,0.306748466,0,0,0,0,0.613496933,0.306748466,0,1.533742331,0,0,0,0,0,0,0,0,0,0,0,0.920245399,0,0,0,0,0,0,0.306748466,0.306748466,0,0,4.294478528,1.226993865,0.306748466,0,0,0,0,0,0,0,0,0,0,0,0,0,0,0.306748466,0,0,0.306748466,0,0,0,0,0,0,0,0,0.306748466,0,0,0,0,0,0,0,0,0,0.306748466,0,0,0,0,0,0,0,0.306748466,0,1.226993865,0,0,0,0,0.306748466,0,0,0.306748466,0.306748466,0,0.920245399,0.306748466,7.055214724,0,0.613496933,0,7.36196319,0,0,0,0,0,0,0,2.45398773,0,0,0,0,0,1.226993865,0.613496933,1.533742331,0,0,0,0,0,0.306748466,0,0.613496933,0,0,0,0,0,0,0,0,0,2.147239264,0.613496933,0,0.920245399,0.613496933,0.613496933,0,0,0,0,0,0,0,1.226993865,2.147239264,0,2.147239264,0,0,0,0,0,0,0,0,0.613496933,0.306748466,0,0,0,0.306748466,0,0.306748466,0,0,0,1.226993865,0,2.760736196,1.226993865,0
0,0,0,0,0,0,0,0,0,0.316455696,0,0.949367089,1.265822785,0,1.265822785,0.949367089,0.316455696,0,1.582278481,0.316455696,0.632911392,0,0,0.949367089,6.962025316,0,28.79746835,0,0,0,0,0,0.632911392,0,0,0.316455696,0,0.316455696,0,0,2.53164557,1.582278481,0,0,0.632911392,0,0,0.949367089,0.316455696,0,0,0.316455696,0,0,0,0,0,0,0,2.53164557,0.316455696,0,0,9.17721519,0.949367089,1.898734177,0,0,0,0,0,0,0,0,1.265822785,0,0,0,0,0,0.316455696,0,0,0.316455696,0,0,0,0,0.316455696,0,0,0,0,0,0,0,0,0.316455696,0,0,0,0,0,0,0.632911392,0,0.316455696,0,0,0,0.632911392,0.316455696,0.316455696,0,0,0,0,0,0,0,0.316455696,0.316455696,0,0.632911392,0.316455696,0.949367089,0,0,0,4.746835443,1.898734177,0,0,0,0,0.316455696,0,0.632911392,0.316455696,0,0,0,0,1.265822785,0,0,0,0,0,0,0,0,0,0.949367089,0,0,0,0,1.582278481,0,0,0,0,1.582278481,1.265822785,0,0,0.316455696,0,0,0,0,0,0,0,0,0,2.215189873,1.582278481,0.316455696,0,0,0,0,0,0,0,0.316455696,0.949367089,0,0,0.632911392,0.316455696,0,0,0.632911392,0,0.316455696,0.316455696,2.848101266,0,0,0,0
0.522193211,0,0.261096606,0,0,0,0,0,0,0.261096606,0,1.044386423,0,0,0.522193211,0.261096606,0.261096606,0,0,0.261096606,0,0.261096606,0,0,7.049608355,0.522193211,16.97127937,0,0,0.261096606,0,0,0,0.522193211,0,0,0,0.783289817,0,1.305483029,5.483028721,0,0,0,0,0,0,0,0.522193211,0,0,0.522193211,0.261096606,0,0,0,0,0,0,0.522193211,0.522193211,0,0,11.48825065,0,5.744125326,0,0.522193211,0,0,0,0,0.261096606,0,0,0,0,1.044386423,0,0,0.522193211,0.522193211,0.261096606,0.261096606,0,0,0,0,0,0,0,0,0,0,0,0,0,0,0.522193211,0,0,0,0.261096606,0,0,0,0.522193211,0,0,0,3.133159269,0,3.133159269,1.044386423,0,0.522193211,0,0,0,0,0.783289817,0,0,0,0,1.044386423,0.261096606,0,0,3.916449086,1.305483029,0,0.783289817,0,0,0,0,0.261096606,0,0,0,0,0,4.177545692,0,0,0,0,0,0,0,0,0,4.177545692,0,0,0,0.261096606,0.522193211,0,0,0,0,3.394255875,0.261096606,0.261096606,0,0,0,0,0,0,0.261096606,0,0,0,0.522193211,0.783289817,0.783289817,2.872062663,0,0,0,0,0,0,0,0.261096606,0.522193211,0,0,0,0.261096606,0,0.522193211,0.522193211,0,0.261096606,0,0.783289817,0,0,0,0
0,0,0.273224044,0,0,0,0,0,0,0.273224044,0,0.546448087,0.273224044,0,0.546448087,1.912568306,0,0,0.273224044,0,0,0.546448087,0,0,8.196721311,0,18.03278689,0,0,0,0,0,0,0,0,0,0,1.092896175,0,0.819672131,4.371584699,0,0,0,0,0,0,0,0.273224044,0,0,0.273224044,0,0.273224044,0,0,0,0,0,0,0,0,0,27.04918033,0,0.546448087,0,0,0,0.273224044,0,0,0,0,0,0.273224044,0,0.273224044,0,0,0,0,0,0,0,0,0,0,0,0,0,0.273224044,0,0,0.273224044,0,0,0,0.273224044,0,0,0.273224044,0,0,0,0,0,0,0,0,3.825136612,0.273224044,1.366120219,0,0,0,0,0,0,0,0,0.273224044,0,0,0,0.819672131,0,0,0,4.371584699,0,0,0,0,0,0.273224044,0,0,0.273224044,0,0,0,0,4.098360656,0,0,0,0,0,0,0,0,0,0.819672131,0,0,0,0,0,0,0,0,0,1.912568306,0,0,1.092896175,0,0.273224044,0,0,0.273224044,0,0,0,0,0,0.819672131,0,4.918032787,0,0,0,0,0,0,0,0,1.366120219,0,0,0.546448087,0,0.273224044,0,0.546448087,0,0,0,3.551912568,0,0,0,0
0.625,0,0,0,0,0,0,0,0,0.3125,0,0.625,0.3125,0,0.3125,0.9375,0,0,0,0,0,0.625,0,0,8.4375,0,28.125,0,0,0,0,0,0.625,0.625,0,0,0,0.625,0,0,4.375,0,0,0,0,0,0,0,0.3125,0,0,0.3125,0,0.625,0,0,0,0,0,0,0,0,0,6.875,0,1.25,0,0,0,0,0,0,0,0,0,0,0,0.625,0,0,0.9375,0.625,0,0,0,0,0,0,0,0,0,0,0,0,0,0,0,0,0.3125,0,0,0.3125,0,0,0,0,0,0,0,0,2.5,0,0.3125,0,0,0,0,0,0,0,0,0,0,0,0,5.3125,0,0,0,12.8125,0.9375,0,0,0,0,0,0,1.5625,0,0.3125,0,0,0,1.25,0,0,0,0,0,0,0,0.625,0,4.0625,0,0.3125,0,0,0.3125,0,0,0,0.3125,0.9375,0,0,0,0.3125,0.9375,0,0,0,0,0,0,0,0,0.3125,0.3125,0.625,0,0,0,0,0,0,0,0,0.625,0.625,0,0.3125,0,0,0.3125,0.3125,0,0.3125,0,2.5,0,1.25,0,0
0.783289817,0.261096606,0.261096606,0,0,0,0,0,0,0,0,0.783289817,0,0,0.261096606,1.044386423,0,0,0,0,0,0,0,0,7.832898172,0,32.89817232,0,0,0,0,0,1.566579634,0,0,0.261096606,0,0.522193211,0,0,6.266318538,0.522193211,0,0,0,0,0,0.783289817,0,0,0,0,0,0.261096606,0,0,0,0,0,0.783289817,0,0,0,10.44386423,0.261096606,1.566579634,0,0,0.261096606,0,0,0,0,0,0,0,0,1.044386423,0,0,0,0,0,0.261096606,0,0,0.261096606,0,0,0.261096606,0,0,0,0,0.261096606,0,0,0,0.261096606,0,0,0,0,0,0,0,0,0,0,0,1.044386423,0,0.522193211,0,0.261096606,0,0,0,0,0,0.783289817,0,0,0.261096606,0.261096606,6.005221932,0,0.522193211,0.261096606,5.221932115,0.783289817,0,0,0.522193211,0,0.261096606,0,1.566579634,0,0,0.261096606,0,0,0.261096606,0.261096606,0,0,0,0,0,0,0,0,1.044386423,0,0,0,0,0,0,0,0,0,2.610966057,0,0,0.522193211,0.783289817,2.349869452,0,0,0,0,0,0,0,0,0.261096606,0,0.783289817,0,0,0,0,0,0,0,0,0.522193211,0,0,0,0,0,0,0,0,0,0,1.044386423,0,0.783289817,0,0
0,0,0,0,0.304878049,0,0,0,0.609756098,0.304878049,0,0.914634146,1.829268293,2.43902439,2.743902439,0.304878049,0.914634146,2.134146341,7.62195122,0.304878049,0,0,0,1.219512195,12.19512195,0,3.353658537,0,0,0,0,0,0,0,0,0.304878049,0,0,0.304878049,0,0,0,0,0,0.609756098,0,0,3.353658537,0.304878049,0,0,0,0,0,0,0,0,0,0,0,0,0,0,0.304878049,0,3.048780488,0,0,0,0,0,0,0,0,0.914634146,0,0,0,0.304878049,0,0,0,0,1.219512195,0,0,0,0,0,0,0,0,0,0,0.304878049,0,0,0.914634146,0,0,0,0,0.304878049,0.914634146,1.829268293,0.609756098,0.304878049,0,0,0,2.134146341,0.304878049,0,0,0,0,0,0,0,0,3.963414634,0,0,0,0.304878049,0,0,0,0,0,0.609756098,0,0,0,0,0,0,0,0,0,0,0,0,3.963414634,0,0,0,0,0,0,0,0,0,0,0,0,0,0.304878049,2.134146341,0,0,0,0,0.304878049,0,0,0,0,2.134146341,0,1.219512195,0.304878049,0,0,0,0,0,1.219512195,7.926829268,1.219512195,0,0,0,1.829268293,0,0,0,0,2.43902439,0,0,1.829268293,0,1.524390244,0,3.658536585,0,1.524390244,0,0,0,0,0,0
0,0,0,0,0,0,0,0,0,1.734104046,0,1.156069364,1.734104046,0,0.578034682,0.578034682,0,0,8.092485549,1.156069364,0,0,0,0,16.1849711,1.734104046,14.45086705,0,0,0,0,0,0,0,0,0,0,0,0,0,0,0,0,0,0,0.578034682,0,1.156069364,0,0,0,0,0,0,0,0,0,0,0,0,0,0,0,1.734104046,0,6.358381503,0,0,0,0,0,0,0,0,1.156069364,0,0,0,0,0,0,0,0,0,0,0,0,0,0,0,0,0,0,0,0,0,0,0,0,0,0,0.578034682,0,0,1.156069364,0,0,0,0,0,2.89017341,0.578034682,0,0,0,0,0,0,0,0,0,0,0,0,0,0,0,0,0,0,0,0,0,0,0,0,0,0,1.156069364,0,0,0,0,4.046242775,0,0,0,0,0,0,0,0,0,0,0,0.578034682,0,0.578034682,0,0,0,0,0,0.578034682,0,0,1.156069364,0,0,0,0,0,0,0,0,0,1.156069364,2.89017341,9.248554913,2.89017341,0,0,0,0.578034682,0,0,0,0,2.312138728,0,0,0,0,0,0,0.578034682,0,0.578034682,0,2.312138728,0,0,0,0
0,0,0,0,0,0,0,0,0,1.511335013,0,1.007556675,0.503778338,0,1.259445844,0.503778338,1.007556675,0,5.289672544,0.251889169,0,0,0,0,15.11335013,0,2.267002519,0,0,0,0,0,0,0,0,0,0,0,0,0,0,0,0,0,0,0.755667506,0,1.763224181,0,0,0,0,0,0,0,0,0,0,0,0,0,0,0,20.40302267,0,1.763224181,0,0,0,0,0,0,0,0,0.503778338,0,0,0,0,0,0,0,0,0.755667506,0,0,0,0,0,0,0,0,0,0,0,0,0,0,0.755667506,0,0,0.251889169,0,0,0.251889169,0.503778338,0,0,0,0,1.259445844,0,0,0,0,0,0,0,0,0,1.007556675,0.251889169,0,0,0,0,0,0,0,0,0,0.251889169,0,0,0,0,0,0,0.251889169,0,0,0,0,5.541561713,0,0,0,0,0,0,0,0,0.251889169,0.251889169,0,0.251889169,0,0.251889169,1.007556675,0,0,0,0,1.007556675,0,0.503778338,0.755667506,0,0,0,0,1.763224181,0,0,0,0,0,5.541561713,8.312342569,0.755667506,0,0,0,0.503778338,0,0,0,0,3.022670025,0,0,1.511335013,0.251889169,0,0.503778338,0,0,2.267002519,0,4.282115869,0,0,0,0
0,0,0,0,0,0,0,0,0,5.882352941,0,1.534526854,1.534526854,0,0.767263427,2.301790281,0.255754476,0,4.603580563,1.534526854,0,0,0,0,15.08951407,0,2.301790281,0,0,0,0,0,0,0,0.255754476,0,0,0,0,0,0,0,0,0,0,0.767263427,0,1.278772379,0,0,0,0,0.255754476,0,0,0,0,0,0,0,1.023017903,0,0,21.99488491,0,0.511508951,0,0,0.255754476,0,0,0,0,0.255754476,0,0,0,0,0,0.255754476,0,0,0,0,0,0,0,0,0,0,0,0,0,0,0.255754476,0,0,0.255754476,0.511508951,0,0,1.023017903,0,0,0.767263427,0.511508951,0,0,0,0,1.534526854,0.255754476,0.255754476,0,0,0,0,0,0,0,0.511508951,0.767263427,0,0,0,0,0,0,0,0,0,0.511508951,0,0,0,0.255754476,0,0,0.255754476,0,0,0,0,2.557544757,0,0,0,0,0,0,0,0,0,0,0,0.255754476,0,0,1.278772379,0,0,0,0,0.767263427,0.255754476,0.255754476,0.767263427,0,0.255754476,0,0,0.767263427,0,0,0,0.255754476,0.255754476,3.069053708,4.347826087,1.534526854,0,0,0,1.023017903,0,0,0,0,2.046035806,0,0,1.534526854,0,0,0.255754476,0.255754476,0,1.534526854,0,3.836317136,0,0,0,0
0,0,0.225733634,0,0,0,0,0,0,0.451467269,0,1.354401806,1.128668172,0.451467269,1.354401806,0.225733634,0.451467269,0,3.386004515,0.451467269,0,0,0,0.225733634,15.34988713,0,2.934537246,0,0,0,0,0,0,0,0.225733634,0,0,0,0,0,0,0.677200903,0,0,0.225733634,0.677200903,0,0.451467269,0,0,0,0,0,0,0,0,0,0,0,0,0.677200903,0.225733634,0,21.21896163,0,2.257336343,0,0,0,0,0,0,0,0,0.225733634,0,0,0,0,0,0,0,0,1.128668172,0,0,0,0,0,0.225733634,0,0,0,0,0.677200903,0,0,0.902934537,0,0,0,0.451467269,0,0.902934537,0.451467269,0,0.225733634,0,0.225733634,0,2.257336343,0.902934537,0.225733634,0,0,0,0,0,0,0,0.225733634,0.451467269,0,0,0,0.225733634,0,0,0,0,0,0.225733634,0,0,0,0,0,0,0.451467269,0,0,0,0,5.869074492,0,0,0,0,0,0,0,0.225733634,0,0.451467269,0,0,0,0,3.837471783,0,0,0,0,1.128668172,0,0,0,0,0.225733634,0,0,0.677200903,0,0,0,0,0,4.514672686,4.514672686,1.58013544,0,0.225733634,0,0.225733634,0,0,0,0,2.483069977,0,0,2.031602709,0.225733634,0.677200903,0,0.225733634,0,0.902934537,0,3.611738149,0,0,0,0
0,0,0.29154519,0,0,0,0,0,0,0.874635569,0,0,2.040816327,3.206997085,2.040816327,3.498542274,0.29154519,0,8.454810496,0.583090379,0,0,0,0,0.29154519,0,0,0,0,0,0,0,0,0,0,0,0,0,0,1.166180758,0,0,0,0,0,0.29154519,0,3.790087464,0.29154519,0,0,0,0,0,0,0,0,0,0,0,1.457725948,0,0,4.956268222,0,0.29154519,0,0,0,0,0,0,0,0,0.874635569,0,0,0,0,0,0,0,0,0.874635569,0,0,0,0,0.29154519,0,0,0,0,0,0,0,0,2.915451895,0.29154519,0,0,0,0,2.040816327,0.29154519,0.874635569,1.166180758,0,0,0,1.457725948,0,0,0,0,0,0,0,0,0,5.539358601,0,0,0,0,0,0,0,0,0,0.29154519,0.29154519,0,0,0.29154519,0,0,0,0.583090379,0,0,0,0,2.623906706,0,0,0,0,0,0,0,0,0,0,0,0,0,0,5.83090379,0,0,0,0,0,0,0.29154519,0.583090379,0,0,0,0,0,0,0,0,0,0,5.247813411,7.871720117,1.166180758,0,0,0,4.081632653,0,0,0,0,1.749271137,0,0,4.664723032,0,5.539358601,0.29154519,2.915451895,0,0.583090379,0.29154519,0,0,0,0,0
0,0,0.263157895,0,0.263157895,0,0,0,0,5,0,1.315789474,1.578947368,2.368421053,2.894736842,2.631578947,0.526315789,0.263157895,6.315789474,0.526315789,0,0,0,0,4.210526316,0,0,0,0,0,0,0,0,0,0.263157895,0,0,0,0,0.263157895,0.263157895,0,0,0,0,0,0,1.315789474,0.526315789,0,1.578947368,0,0,0,0,0,0,0,0,0,0.789473684,0,0.263157895,13.94736842,0,1.578947368,0,0,0,0,0,0,0,0,0.263157895,0,0,0,0,0,0,0,0,0.263157895,0,0,0,0.263157895,0,0,0,0,0,0,0.263157895,0,0,1.052631579,0,0,0,0.263157895,0,0,1.052631579,0.789473684,0.526315789,0,0,0,0.789473684,0,0.263157895,0,0,0,0,0,0,0,1.578947368,0,0,0,0,0,0,0,0,0,0.263157895,0.263157895,0,0,0,0,0,0,0.526315789,0,0,0,0,7.105263158,0.526315789,0,0,0,0,0,0,0,0.263157895,0.263157895,0,0,0,0,4.473684211,0,0,0,0,0.263157895,0,0.263157895,1.315789474,0,0.526315789,0,0,0,0,0,0,0,0,5,9.210526316,3.157894737,0,0.263157895,0,1.052631579,0,0,0,0,1.578947368,0,0,2.631578947,0.263157895,0,0,1.052631579,0,0.263157895,0,0.789473684,0,0,0,0
0,0,0,0,0,0,0,0,0,16.26213592,0,1.45631068,0.485436893,0,1.699029126,0,0,0.485436893,5.339805825,0,0,0,0,0.242718447,3.640776699,0.485436893,11.16504854,0,0,0,0,0,0,0,0,0,0,0,0,0,0,0,0,0,0,0,0,1.213592233,0.72815534,0,0,0,0,0,0,0,0,0,0,0,0.242718447,0,0,20.63106796,0,1.941747573,0,0,0,0,0,0,0,0,0.242718447,0,0,0,0,0,0,0,0,0,0,0,0,0,0,0,0,0,0,0,0,0,0,0,0,0,0,0.485436893,0,0,0,0.242718447,0.242718447,0,0,0,0.485436893,0,0,0,0,0,0,0,0,0,0,0.970873786,0,0,0,0,0,0,0,0,0,0.242718447,0,0,0,0.72815534,0,0,0.485436893,0,0,0,0,9.223300971,0.242718447,0,0,0,0,0,0,0,0,0,0,0,0,0,0.485436893,0,0,0,0,0.970873786,0,0,1.45631068,0,0,0,0,0.242718447,0,0,0,0,0,3.883495146,3.883495146,2.427184466,0,0,0,0.485436893,0,0,0,0,1.699029126,0,0,0.72815534,0,0,0,0,0,0,0,2.912621359,0,0,0,0
0,0,0,0,0,0,0,0,0,17.69911504,0,1.769911504,0.294985251,0,2.064896755,0,0,0,4.424778761,0,0,0,0,0,6.489675516,0,10.02949853,0,0,0,0,0,0,0,0,0,0,0,0,0,0,0,0,0,0,0.294985251,0,0.589970501,0,0,0,0,0,0,0,0,0,0,0,0,0.294985251,0,0,23.00884956,0,0,0,0,0,0,0,0,0,0,0,0,0,0,0,0,0,0,0,0.294985251,0,0,0,0,0,0,0,0,0,0,0.294985251,0,0,0,0,0,0,0,0,0,0,0,0,0,0,0,1.179941003,0.589970501,0,0,0,0,0,0,0,0,0.294985251,1.474926254,0,0,0,0,0,0,0,0,0,0,0,0,0,0,0,0,0.294985251,0,0,0,0,7.96460177,0,0,0,0,0.294985251,0,0,0,0,0.884955752,0,0,0,0,0,0,0,0,0,0.294985251,0,0.294985251,0,0,0,0,0,0.884955752,0,0,0,0,0,2.654867257,3.83480826,1.769911504,0,0,0,0.589970501,0,0,0,0,1.179941003,0,0,0,0,0,0,0.294985251,0,0,0,5.309734513,0,0,0,0
0,0,0,0,0,0,0,0,0,0,0,3.198294243,2.771855011,0,2.985074627,0,0.852878465,0.426439232,3.624733475,0,0,0,0,0,31.5565032,2.558635394,11.30063966,0,0,0,0,0,0,0,0,0,0,0,0,0,0,0,0,0,0,1.066098081,0,3.837953092,1.70575693,0,0,0.213219616,0,0,0,0,0,0,0,0,0,0,0,1.492537313,0,2.771855011,0,0,0.213219616,0,0,0,0,0,1.279317697,0,0,0,0,0,0,0,0,0,0,0,0,0,0,0,0,0,0,0,0.426439232,0.639658849,0,0,0,0,0,0,0,0,0,0,0,0,0,0,0,0.426439232,0,0,0,0,0,0,0,0.852878465,0,1.70575693,0,0,0,0,0,0,0,0,0,1.918976546,0,0,0,0.426439232,0,0,0.213219616,0,0,0,0,1.492537313,0,0,0,0,0,0,0,0,0,0,0,0,0,0,0,0,0.426439232,0,0.213219616,0.213219616,0,0,0,0,0,0,0,2.345415778,0,0,0,0,0,2.985074627,3.411513859,3.411513859,0,0,0,1.492537313,0,0.426439232,0,0,0.213219616,0.213219616,0,0.213219616,0,0,0.426439232,0,0,0,0,2.771855011,0,0,0,0
0,0,0,0,0,0,0,0,0,3.20855615,0,2.673796791,2.406417112,0,0.802139037,0,0.802139037,0.802139037,5.882352941,0,0,0,0,0,28.87700535,1.069518717,6.14973262,0,0,0,0,0,0,0,0,0,0,0,0,0,0,0,0,0,0,0.802139037,0,3.475935829,0,0,0,0,0,0,0,0,0,0,0,0,0,0,0,4.278074866,0,0.802139037,0,0,0,0,0,0,0,0,0.267379679,0,0,0,0,0,0,0,0,0,0,0,0,0,0,0,0,0,0,0,0,0,0,0,0,0,0,0.534759358,0,0,0,0,0,0,0,0,0,1.336898396,0,0,0,0,0,0,0,0.267379679,0,4.278074866,0,0,0,0,0,0,0,0,0,1.336898396,0,0,0,0,0,0,0,0,0,0,0,2.941176471,0,0,0,0,0,0,0,0,0,0,0,0,0,0,0,0,0,0,0,2.406417112,0,0,0.267379679,0,0,0,0,2.406417112,0,0,0,0,0,4.278074866,6.417112299,6.14973262,0,0,0,1.336898396,0,0.267379679,0,0,0,0,0,0,0,0,0,0,0,0,0,1.871657754,0,0,0,0
0.257731959,0,0,0,0,0,0,0,0,5.927835052,0,0.773195876,1.288659794,0,0.773195876,0,0,0,7.474226804,0,0,0,0,0,10.05154639,0,35.05154639,0,0,0,0,0,0,0,0,0,0,0,0,0,0,0,0,0,0,0.257731959,0,0,0,0,0,0,0,0,0,0,0,0,0,0,0,0,0,11.34020619,0,1.546391753,0,0,0,0,0,0,0,0,0,0,0,0,0,0,0,0,0,0,0,0,0,0,0,0,0,0,0,0,0,0,0,0,0,0,0,0.515463918,0,0,0,0,0,0,0,0,2.06185567,0,0,0,0,0,0,0,0,0,0,1.030927835,0,0,0,0,0,0,0,0,0,0,0,0,0,0.257731959,0,0.257731959,0.257731959,0,0,0,0,4.381443299,0.257731959,0,0,0,0,0.515463918,0,0.257731959,0,0.257731959,0,0,0,0,0,0,0,0,0,2.577319588,0,0,0.515463918,0,0,0,0,0.773195876,0,0,0,0,0.515463918,0.773195876,1.288659794,2.06185567,0,0,0,0,0,0,0,0,0.773195876,0,0,0.257731959,0,0,0,0,0,0,0,4.12371134,0,0,0,0
0,0,0.383141762,0,0,0,0,0,0,0.383141762,0,0,0,1.149425287,1.149425287,2.298850575,2.298850575,0.383141762,14.17624521,0,0,0,0,0,0,0,0,0,0,0,0,0,0,0,4.214559387,0,0,0,0,0.383141762,0,0,0,0,0,0,0,5.747126437,0,0,0.383141762,0,0,0,0,0,0,0,0,0,0.383141762,0,0.766283525,0.766283525,0,0,0,0,0,0,0,0,0,0,0,0,0,0,0,0,0,0.383141762,0,0.383141762,0,0.383141762,0,0,0,0,0,0,0,0,0.383141762,0,0,4.980842912,0,0,0,0.383141762,0,0,3.448275862,0,1.149425287,0,0.383141762,0,0.766283525,0,0,0,0,1.149425287,0,0,0,0,13.79310345,0,0,0,0,0,0,0,0,0,0,0,0,0,0,0,0,0,0,0,0,0,0,0,0,0,0,0,0,0,0,0,0,0.383141762,0,0.383141762,0,0,1.53256705,0,0,0,0,0,0,0.383141762,0,0,0,0,0,0,0,0,0,0,0,2.681992337,4.597701149,0,0,0,0,3.448275862,3.831417625,0,0,0,1.53256705,0,0.766283525,5.363984674,0,4.980842912,0,1.915708812,0,0.766283525,0,0,0,0,0,0
0,0,0.253164557,0,0,0,0,0,0,2.784810127,0,1.012658228,1.772151899,0.759493671,4.050632911,3.544303797,0.759493671,0,6.835443038,0.759493671,0,0.253164557,0,0.253164557,2.784810127,0,1.012658228,0,0.253164557,0,0,0,0,0,0.506329114,0,0,0,0,0,0,0,0,0,0,0.253164557,0,0.759493671,0,0,0,0.506329114,0.253164557,0,0,0,0,0,0,0,1.518987342,0,0,9.113924051,0,1.772151899,0,0,0,0,0,0,0,0,0.759493671,0,0,0,0,0,0,0.253164557,0,0.759493671,0,0,0,0,0,0.253164557,0,0,0,0,0,0,0,1.518987342,0,0,0,0.253164557,0,2.278481013,1.012658228,1.518987342,1.012658228,0,1.012658228,0,1.518987342,0.253164557,0,0,0,0,0,0,0,0,4.810126582,0,0,0,0,0,0,0,0,0.253164557,0,0.759493671,0,0,0,0,0,0,0.506329114,0,0,0,0,1.772151899,0,0,0,0,0,0,0,0,0.253164557,0.253164557,0,1.265822785,0,0.506329114,4.556962025,0,0,0,0,0,0,0.506329114,0.253164557,0,0,0,0,0,0,0,0,0.253164557,0,4.556962025,5.316455696,1.012658228,0,0,0,2.784810127,0,0,0,0,5.063291139,0,0,3.037974684,0,2.025316456,0,1.265822785,0,1.772151899,0,0,0,0.253164557,0,0
0,0,0.155279503,0,0,0,0,0,0,15.2173913,0,2.173913043,1.242236025,0,0.931677019,0,0.155279503,0.465838509,8.850931677,0,0,0,0,0,10.0931677,0.621118012,5.745341615,0,0,0,0,0,0,0,0,0,0,0,0,0,0,0,0,0,0,0.155279503,0,2.173913043,0.155279503,0,0,0,0.155279503,0,0,0,0,0,0,0,0.465838509,0,0,16.92546584,0,1.086956522,0,0,0,0,0,0,0,0,0.310559006,0,0,0,0,0,0,0,0,0,0,0,0,0,0,0,0,0,0,0,0.310559006,0,0,0.310559006,0,0,0,0.310559006,0,0,0.310559006,0,0,0,0,0,0.931677019,0.155279503,0,0,0,0,0,0,0,0,0,2.01863354,0,0,0,0,0,0,0,0,0,0.621118012,0,0,0,0,0,0,0.155279503,0,0,0,0,5.434782609,0,0,0,0,0,0,0,0,0,0.155279503,0,0.155279503,0.155279503,0.155279503,1.397515528,0,0,0,0,0.621118012,0,0,0.776397516,0,0,0,0,0.621118012,0,0,0,0,0.465838509,2.639751553,4.192546584,1.863354037,0,0,0,0.155279503,0,0,0,0,1.552795031,0,0.155279503,0.931677019,0.155279503,0,0,0.310559006,0,0.465838509,0,3.105590062,0,0,0,0
0,0,0.195694716,0,0,0,0,0,0,16.8297456,0,2.152641879,1.761252446,0,1.369863014,0,0.195694716,0,6.457925636,0,0,0,0,0,6.457925636,0.391389432,4.305283757,0,0,0,0,0,0,0,0,0,0,0,0,0,0,0,0,0,0,0.195694716,0,0.978473581,0.391389432,0,0,0,0,0,0,0,0,0,0,0,1.56555773,0,0,27.00587084,0.195694716,0.587084149,0,0,0,0,0,0,0,0,0,0,0,0,0,0,0,0,0,0.195694716,0,0,0,0,0,0,0,0,0,0,0.195694716,0,0,0.195694716,0,0,0,1.174168297,0,0,0.391389432,0,0,0,0,0,0.978473581,0,0,0,0,0,0,0,0,0,0.195694716,0,0,0,0,0,0,0,0,0,0,0.195694716,0,0,0,0,0,0,0.391389432,0,0,0,0,3.326810176,0,0,0,0,0,0,0,0,0,0,0,0.587084149,0,0.195694716,1.761252446,0,0,0,0,0.195694716,0,0,1.174168297,0,0,0,0,0.391389432,0,0,0,0,0,2.935420744,4.500978474,2.348336595,0,0,0,0,0,0,0,0,1.761252446,0,0,0.391389432,0.195694716,0,0,0.195694716,0,0.978473581,0,1.956947162,0,0,0,0
0,0,0.974025974,0,0,0,0,0,0,0.649350649,0,1.623376623,3.571428571,1.298701299,0.649350649,4.545454545,2.272727273,0,10.38961039,0.649350649,0,0,0,0,0.324675325,0,0,0,0,0,0,0,0,0,1.623376623,0,0,0,0,0.649350649,0,0,0,0,0,0,0,2.922077922,0,0,0,0,0,0,0,0,0,0,0,0,0.974025974,0,0,4.220779221,0,0,0,0,0,0,0,0,0,0,0.324675325,0,0,0,0,0,0,0,0,0.324675325,0,0,0,0,0,0,0,0,0,0,0,0,0,0.974025974,0,0,0,0.324675325,0,2.597402597,1.298701299,1.623376623,2.922077922,0,0.324675325,0,0.649350649,0,0,0,0,0.974025974,0,0,0,0.324675325,7.142857143,0,0,0,0,0,0,0,0,0,0,0,0,0,0,0,0,0,0.324675325,0,0,0,0,3.571428571,0,0,0,0,0,0,0,0,0,0,0,0.324675325,0,0,4.87012987,0,0,0,0,0,0,0,0.649350649,0,0,0,0.324675325,0,0,0,0,0,0,1.948051948,6.493506494,1.948051948,0,0,0,3.896103896,0,0,0,0,0.974025974,0.324675325,0,2.922077922,0,6.168831169,0,1.623376623,0,0.324675325,0,0,0,0,0,0
0,0,1.016949153,0,0,0,0,0,0.677966102,0.338983051,0,0,0.677966102,2.711864407,1.016949153,1.694915254,1.694915254,0.338983051,11.18644068,0,0,0,0,0.338983051,0,0,0,0,0,0,0,0,0,0,3.728813559,0,0,0,0,2.033898305,0,0,0,0,0.338983051,0,0,4.06779661,0,0,0,0,0,0,0,0,0,0,0,0,1.355932203,0,0.338983051,0.338983051,0,0.338983051,0,0,0,0,0.677966102,0,0,0,0.677966102,0,0,0,0,0,0,0,0,0.338983051,0,0.338983051,0,0,0.338983051,0,0,0,0,0,0,0,0,4.406779661,0.338983051,0,0,0.338983051,0,0,3.050847458,0.338983051,4.406779661,0,0,0,1.016949153,0,0,0,0,0,0,0,0,0,14.57627119,0,0,0,0,0,0,0,0,0,0,0,0,0,0,0,0,0,0,0,0,0,0,0,0,0,0,0,0,0,0,0,0,0,0,0,0,0,0.677966102,0,0,0,0,0,0,0,0,0,0,0,0,0,0,0,0,0,0,1.355932203,3.728813559,0.677966102,0,0,0,1.694915254,3.728813559,0,0,0,0.338983051,0,0,8.13559322,0,4.406779661,0,2.372881356,0,1.355932203,0.338983051,0,0,0,0,0
0,0,0.398406375,0,0,0,0,0,2.788844622,0,0.398406375,0,0,1.992031873,0.796812749,1.195219124,2.390438247,1.593625498,11.15537849,0.398406375,0,0,0.398406375,0.398406375,0,0,0,0,0,0,0.398406375,0,0,0,2.788844622,0,0,0,0,0.398406375,0.398406375,0,0,0,0,0,0,3.585657371,0,0,0,0.796812749,0,0,0,0,0,0,0,0,0.398406375,0,0,0.398406375,0.398406375,0,0,0,0,0,0,0,0,0,0,0,0,0,0,0.398406375,0,0,0,0,0,0,0,0,0.398406375,0,0,0,0,0,0,0,0,1.593625498,0,0,0,0,0,1.593625498,2.788844622,1.593625498,8.764940239,0,0,0,0.796812749,0,0,0,0,0.398406375,0,0,0,0,13.14741036,0,0,0,0,0,0,0,0,0,0,0,0,0,0,0,0,0,0,0,0,0,0,0,0,0,0,0,0,0,0,0,0.398406375,0,0,0.796812749,0,0,0.398406375,0,0,0,0,0,0,0,0,0,0,0,0,0,0,3.984063745,0,0,0,1.195219124,4.38247012,0.398406375,0,0,0,1.593625498,4.780876494,0,0.398406375,0,0.398406375,0,0,4.38247012,0,0,0.796812749,2.788844622,0,1.593625498,0.398406375,0,0,0,0,0
0,0,0,0,0,2.316602317,0,0.772200772,2.316602317,0,0,0.772200772,0.386100386,3.474903475,3.861003861,0,0,2.702702703,3.861003861,0,0,0,0.386100386,0,0,0,0,0,0,1.158301158,0,0,0,0,3.088803089,0,0,0,0,1.158301158,0,0,0,0,0.386100386,0,0,6.94980695,0,0,0,0.386100386,0,0,0,0,0,0,0,0.386100386,0.386100386,0,0,0.772200772,0,1.158301158,0,0,0,0,0,0,0,0,0.772200772,0,0,0,1.158301158,0,0,0,0,1.158301158,0,0,0,0,0.386100386,0,0,0,0,0,0,0,0,0.386100386,0,0,0,0,0,0.772200772,1.158301158,0,8.494208494,0,0,0,0.772200772,0,0,0,0,0,0,0,0.386100386,0,9.266409266,0,0,0,0,0,0,0,0,0,0,0.772200772,0,0,0,0,0,0,0,0,0,0,0,0,0,0,0,0,0,0,0,0,0,0,0,0,0,0.772200772,1.158301158,0,0,0,0,0,0,0,0,0,0,0,0.386100386,0,0,3.088803089,0,0,0,1.158301158,6.177606178,0,0,0,0,1.930501931,1.930501931,0,0,0,0.386100386,0,0,8.88030888,0.386100386,0,0.386100386,3.861003861,0,1.544401544,0.772200772,0,0,0,0,0
0,0,0,0,0,0,0,0.380228137,0,2.281368821,0,0,2.661596958,1.140684411,0.760456274,4.562737643,2.661596958,1.140684411,10.2661597,0,0,0,0,0,3.041825095,0.380228137,0.760456274,0,0.380228137,0,0,0,0,0,1.901140684,0,0,0,0,0.380228137,0.380228137,0,0,0,0,0.760456274,0,6.844106464,0.380228137,0,0,0,0,0,0,0,0,0,0,0,0,0,0,1.901140684,0,1.520912548,0,0,0,0,0,0,0,0,0.380228137,0,0,0,0,0,0,0,0,0.760456274,0,0.380228137,0,0.380228137,0,0,0,0,0,0,0,0,0,1.520912548,0,0,0,0,0,0,0.380228137,0,0.760456274,0,0,0,1.520912548,0,0,0,0,0,0,0,0,0,7.224334601,0,0,0,0,0,0,0,0,0,0,0,0,0,0,0,0,0,0,0,0,0,0,4.562737643,0,0,0,0,0,0,0,0,0,0,0,0,0,0,0.760456274,0,0,0,0,0,0,0,0.760456274,0,0,0,0,1.140684411,0,0,0,0.380228137,0,3.802281369,10.64638783,1.901140684,0,0,0,1.901140684,0,0,0,0,0.380228137,0,0,2.281368821,0,1.901140684,0,2.661596958,0,1.520912548,0,1.140684411,0,0,0,0
0,0,0,0,0.320512821,0,0,0,0,0.641025641,0,0.320512821,2.243589744,5.448717949,2.243589744,2.243589744,0.320512821,0.320512821,7.371794872,0.320512821,0,0,0,0,8.653846154,0,0.320512821,0,0,0,0,0,0,0,0,0,0,0,0,0,0,0.320512821,0,0,0,0,0,0.961538462,0.641025641,0,0,0,0,0,0,0,0,0,0,0,1.923076923,0,0,18.58974359,0,3.525641026,0,0,0,0,0,0,0,0,0.641025641,0,0,0,0,0,0,0.641025641,0,0,0,0,0,0.320512821,0,0.641025641,0,0,0,0,0,0,0,0,0,0,0,0.320512821,0,2.564102564,1.282051282,0.641025641,0.320512821,0,0,0,0.320512821,0,0,0,0,0,0,0,0,0,0.641025641,0,0,0,0,0.320512821,0,0,0,0.641025641,0,0.641025641,0,0,0,0,0,0,0.320512821,0,0,0,0,1.923076923,0.641025641,0,0,0,0,0,0,0,0,1.282051282,0,0,0,0.320512821,4.166666667,0,0,0,0,0,0,0.320512821,0.641025641,0,0.320512821,0,0,0.961538462,0,0,0,0,0,1.282051282,5.769230769,1.602564103,0,0,0,0.320512821,0,0,0,0,1.923076923,0,0,2.884615385,0,0,0.961538462,0.320512821,0,1.602564103,0.641025641,3.205128205,0,0,0,0
0,0,0,0,0.297619048,0,0,0,0,4.464285714,0,2.380952381,0.595238095,0,1.785714286,0.297619048,0.892857143,0.297619048,5.654761905,1.488095238,0,0,0,0,3.869047619,0,8.928571429,0,0,0,0,0,0,0,0.595238095,0,0,0,0,0.297619048,0.297619048,0,0,0,0,0.297619048,0,0.892857143,0.892857143,0,0,0,0,0,0,0,0,0,0,0,1.19047619,0,0,15.77380952,0,0.595238095,0,0,0,0,0,0,0,0,0.297619048,0,0,0,0,0,0,0,0,1.785714286,0,0,0.297619048,0,0,0.892857143,0,0,0,0,0,0,0,0,0,0,0,0.892857143,0,0,0.595238095,0.892857143,0.595238095,0,0,0,0.892857143,0,0,0,0,0,0,0,0,0,0.595238095,0.892857143,0,0,0,0,0,0,0,0,0,1.488095238,0,0,0,0,0,0,0.595238095,0,0,0,0,4.464285714,0,0,0,0,0,0,0,0,0,0.892857143,0,0,0,0,4.464285714,0,0,0,0,0.595238095,0,0,2.083333333,0,0,0,0,0.297619048,0,0,0,0,0,5.952380952,7.44047619,1.488095238,0,0,0,0,0,0,0,0,0.892857143,0,0,0.892857143,0,0,0.297619048,0.595238095,0,0.595238095,0,2.976190476,0,0,0,0
0,2.083333333,0,0,0,3.333333333,0,2.083333333,3.333333333,0,0,0,0,2.916666667,0,0,0.416666667,2.083333333,2.916666667,0,0,0,0.833333333,0,0,0,0,0,0,0,0,0,0,0,2.5,0,0,0,0,0.416666667,0,0,0.416666667,0,0,0,0,8.333333333,0,0,0,0.833333333,0,0,0,0,0,0.416666667,0,0,0,0,0,0,0,0,0,0,0,0,0,0,0,0,0.416666667,0,0,0,3.75,0,0,0,1.25,0.416666667,0,0,0,0,0.416666667,0,0,0,0,0,0,0,0,0.416666667,0,0,0,0.416666667,0,0.833333333,0,0,8.75,0,0,0,0,0,0,0,0,0,0.416666667,0,0,0,7.083333333,0,0,0,0,0,0,0,0,0,0,0,0,0,0,0,0.416666667,0,0.416666667,0,0,0,0,0,0,0,0,0,0,0,0,0,0,0,0,0,0,0.416666667,1.25,0,0,0,0,0,0,0,0,0,0,0,1.25,0,0,4.583333333,0,0,0,1.25,1.666666667,0.416666667,0,0,0,0,5.833333333,0,0.416666667,0,0,0,0,7.083333333,0.833333333,0,0,6.25,0,2.5,0,0,0,0,0,0
0,0,1.298701299,0,0,0,0,0,0,0,0,0,1.298701299,0,2.597402597,2.597402597,2.597402597,1.298701299,16.88311688,1.298701299,0,0,0,0,0,0,0,0,0,0,0,0,0,0,6.493506494,0,0,0,0,1.298701299,0,0,0,0,0,0,0,2.597402597,0,0,0,0,0,0,0,0,0,0,0,0,0,0,1.298701299,0,0,0,0,0,0,0,0,0,0,0,0,0,0,0,0,0,0,0,0,0,0,0,0,0,0,0,0,0,0,0,0,0,0,5.194805195,1.298701299,0,0,0,0,1.298701299,0,0,7.792207792,0,0,0,0,0,0,0,0,0,0,0,0,0,6.493506494,0,0,0,0,0,0,0,0,0,0,0,0,0,0,0,0,0,0,0,0,0,0,0,0,0,0,0,0,0,0,0,0,0,0,0,0,0,0,0,0,0,0,0,0,0,0,0,0,0,0,0,0,0,0,0,0,0,3.896103896,0,0,0,0,10.38961039,6.493506494,0,0,0,0,0,0,6.493506494,0,2.597402597,0,0,0,0,0,0,0,0,0,0
0,0,0,0,0,0,0,0,0,0,0,0,0,0,0,0,2.272727273,0,9.090909091,0,0,0,0,0,0,0,0,0,0,0,0,0,0,0,13.63636364,0,0,0,0,0,0,0,0,0,0,0,0,9.090909091,0,0,0,0,0,0,0,0,0,0,0,2.272727273,0,0,0,0,0,0,0,0,2.272727273,0,0,0,0,0,0,0,0,0,0,0,0,0,0,0,2.272727273,0,0,0,2.272727273,0,0,0,0,0,0,0,0,0,0,0,0,0,0,0,0,0,11.36363636,0,0,0,0,0,0,0,0,0,0,0,0,0,4.545454545,0,0,0,0,0,0,0,0,0,0,0,0,0,0,0,0,0,0,0,0,0,0,0,0,0,0,0,0,0,0,0,0,0,0,0,0,0,0,0,0,0,0,0,0,0,0,0,0,0,0,0,0,6.818181818,0,0,0,2.272727273,9.090909091,0,0,0,0,0,9.090909091,0,0,0,0,0,0,2.272727273,0,0,0,2.272727273,0,0,0,0,0,0,0,0
0,0.763358779,0,0,0,8.396946565,0,5.34351145,10.6870229,0,0,0,0,1.526717557,0,0,0,1.526717557,1.526717557,0,0,0,0.763358779,0,0,0,0,0,0,0,0,0,0,0,6.870229008,0,0,0,0,0,0,0,0,0,0,0,0,4.580152672,0,0,0,0,0,0,0,0,0,0,0,0,0,0,0,0,0,0,0,0,0,0,0,0,0,0,0.763358779,1.526717557,0,0,0.763358779,0,0,0,2.290076336,0,0,0,0,0,0,0,0,0,0,0,0,0,0,0.763358779,0,0,0,0.763358779,0,0.763358779,0,0,6.106870229,0,1.526717557,0,0,0,0,0,0,0,0,0,0,0,3.053435115,0,0,0,0,0,0,0,0,0,0,0,0,0,0,0,3.816793893,0,0,0,0,0,0,0,0,0,0,0,0,0,0,0,0,0,0,0,0,0.763358779,0,0,0,0,0,0,0,0,0,0,0,0,4.580152672,0,0,3.816793893,0,0,0,0.763358779,2.290076336,0,0,0,0,0,0,0,0,0,0,0,0,7.633587786,0,0,0,9.160305344,0,2.290076336,0,0,0,0,0,0
0,0.930232558,0,0,0,5.581395349,0,1.860465116,3.720930233,0,0.465116279,0,0,0.465116279,2.790697674,0,0.930232558,2.790697674,4.186046512,0,0,0,0.930232558,0,0,0,0,0,0,0,0,0,0,0,2.790697674,0,0,0,0,0,0,0,0,0,0.465116279,0,0,1.395348837,0,0,0,0,0,0,0,0,0,1.860465116,0,0,0.465116279,0,0,0.465116279,0,0,0,0,0.465116279,0,0,0,0,0,0.465116279,0,0,0,2.790697674,0,0,1.395348837,0,0.465116279,0.465116279,0,0.930232558,0,0,0,0,0,0,0,0,0,0,3.720930233,0,0,0,0.930232558,0,0.930232558,1.860465116,0,2.790697674,0,0,0,0,0,0,0,0,0,0.465116279,0,0,0,6.046511628,0,0,0,0,0,0,0,0,0,0,0,0,0,0.465116279,0,0.465116279,0,0,0,0,0,0,0,0,0,0,0,0,0,0,0.930232558,0,0,0,0,0.465116279,0.930232558,5.11627907,0,0,0,0,0,0,0,0,0,0,0,0.930232558,0,0,1.395348837,0,0,0,0.465116279,3.255813953,0.465116279,0,0,0,0,0,0,0,0,0.930232558,0,0,6.976744186,0,0,0,8.372093023,0,0.930232558,0,0,0,0,0,0
0,2.34741784,0,0,0,4.225352113,0,5.164319249,2.816901408,0,0.938967136,0.469483568,0,0.469483568,0.469483568,0,0.469483568,0.469483568,3.286384977,0,0,0,0.469483568,0,0,0,0,0,0,0,0.938967136,0,0,0,3.286384977,0,0,0,0,0,0,0,0.938967136,0,0.938967136,0,0,1.408450704,0,0.469483568,0,0,0,0,0,0,0,0.469483568,0,0,0,0,0,0.469483568,0,0,0,0,0.469483568,0,0,0,0,0,0,0,0,0,6.103286385,0,0,0.469483568,0,0.469483568,0,0,0,0,0,0,0,0,0,0,0,0,0,0.469483568,0,0,0,0,0,0.469483568,1.408450704,0.469483568,2.34741784,0,0.938967136,0,0,0,0,0,0,0,0.469483568,0,0,0,3.755868545,0,0,0,0,0,0,0,0,0,1.408450704,0,0,0,0,0,0.469483568,0,0,0,0,0,0,0,0,0,0,0,0,0,0,0,0,0,0,0,0.469483568,0.469483568,1.877934272,0,0,0,0,0,0,0,0,0,0.469483568,0,4.694835681,0,0,2.816901408,0,0,0,0.469483568,2.816901408,0,0,0,0,0.469483568,2.34741784,0,0,0,0,0,0,8.920187793,0,0,0,14.55399061,0,1.877934272,0,0,0,0,0,0
0,2.097902098,0,0,0,6.993006993,0,1.398601399,4.545454545,0,0.34965035,0,0,1.398601399,0.699300699,0,0.699300699,1.048951049,2.447552448,0,0,0,0,0,0,0,0,0,0,0,0,0,0,0,2.447552448,0,0,0,0,0,0,0,1.398601399,0,0.34965035,0,0,2.097902098,0,0.699300699,0,0,0,0,0,0,0,1.048951049,0,0,0,0,0.34965035,1.048951049,0,0.699300699,0.34965035,0,0,0,0,0.34965035,0,0,0.34965035,0,0,0,3.496503497,0,0,0,0.699300699,1.048951049,0,0,0,0.34965035,0.34965035,0,0,0,0,0,0,0,0,1.398601399,0,0,0,0.34965035,0,1.048951049,1.398601399,0.699300699,4.195804196,0,0.34965035,0,0.699300699,0,0,0,0,0,0,0,0,0,3.496503497,0,0,0,0,0,0,0,0,0,0,0.34965035,0,0,0,0,1.048951049,0,0,0,0,0,0,0,0,0,0,0,0,0,0,0,0,0,0,0,1.048951049,0.34965035,3.846153846,0,0,0,0,0,0,0,0,0,0,0,4.895104895,0.34965035,0,1.048951049,0.34965035,0,0,0.699300699,4.195804196,1.048951049,0,0,0,0.34965035,0.34965035,0,0,0,0.34965035,0,0,5.244755245,0.699300699,0,0.34965035,10.48951049,0,1.748251748,0,0,0,0,0,0
0,0,0.99009901,0,0,0,0,0,0.99009901,0,0,0,0,2.97029703,0,0,0,0,11.88118812,0,0,0,0,0,0.99009901,0,0,0,0,0,0,0,0,0,6.930693069,0,0,0,0,0,0,0,0,0,0,0,0,18.81188119,0,0,0,0,0,0,0,0,0,0,0,0,0,0,0.99009901,0,0,0,0,0,0,0,0,0,0,0,0.99009901,0,0,0,0,0,0,0,0,0,0,0,0,0,0,0,0,0,0,0,0,0,0,0.99009901,0,0,0,0,0,0,0,0,6.930693069,0,0,0,0,0,0,0,0,0,0,0,0,0,8.910891089,0,0,0,0,0,0,0,0,0,0,1.98019802,0,0,0,0,0,0,0,0,0,0,0,0,0,0,0,0,0,0,0,0,0,0,0,0,0,0,0,0,0,0,0,0,0,0,0,0,0,0,0,0,0,1.98019802,0,0,0,0,0.99009901,0.99009901,0,0,0,5.940594059,9.900990099,0,0,0,0,0,0,4.95049505,0,0,0.99009901,3.96039604,0,0,0,0,0,0,0,0
0,0,0,0,0,0,0,0,0.27700831,0.27700831,0,0.27700831,1.108033241,1.662049861,1.385041551,2.493074792,0.831024931,0.27700831,6.371191136,0.831024931,0,0,0.27700831,0,4.432132964,0,1.662049861,0,0,0,0.27700831,0,0,0,0.831024931,0,0,0,0,0.831024931,0.27700831,0,0,0,0,0,0,2.493074792,0.831024931,0,0,0,0,0,0,0,0,0,0,0.27700831,0.27700831,0,0,4.986149584,0,1.385041551,0,0,0,0,0,0,0,0,0.27700831,0,0,0,0,0,0,0,0,0.831024931,0,0,0,0.55401662,0,0,0,0,0,0,0,0,0,0.831024931,0,0,0,0.831024931,0,0.55401662,3.601108033,0,1.385041551,0,0.27700831,0,2.770083102,0,0,0,0,0,0,0,0,0,4.432132964,0,0,0,0,0,0,0,0,0,0.55401662,0.55401662,0,0,0,0,0,0,0,0,0,0,0,4.432132964,0,0,0,0,0,0,0,0,0,0,0,0.27700831,0.55401662,0,4.432132964,0,0,0,0,0.27700831,0,0,0.55401662,0,0,0,0,0,0,0,0,0.27700831,0,3.047091413,6.371191136,0.831024931,0,0,0,1.385041551,0,0,0.27700831,0,3.324099723,0,0,6.925207756,0,1.385041551,0,3.601108033,0,3.878116343,0,1.108033241,0,0,0,0
0,0,0,0,0,0,0,0,0,0,0,0,0,0.543478261,0,1.630434783,2.173913043,1.630434783,9.239130435,0,0,0,0,0.543478261,0,0,0,0,0,0,0,0,0,0,2.173913043,0,0,0,0,1.630434783,0,0,0,0,0.543478261,0,0,3.804347826,0.543478261,0,0,0,0,0,0,0,0,0,0,0,0,0,0.543478261,0,0,0.543478261,0,0,0,0,0.543478261,0,0,0,2.173913043,0,0,0,0,0,0,0,0,0.543478261,1.086956522,1.086956522,0,0.543478261,0.543478261,0,0,0,0,0,0,0,0,1.630434783,0,0,0,0.543478261,0,0.543478261,0.543478261,0,3.804347826,0,0,0,1.086956522,0,0,0,0,0,0,0,0,0,8.695652174,0,0,0,0,0,0,0,0,0,0,0,0,0,0,0,0,0,0,0,0,0,0,1.086956522,0,0,0,0,0,0,0,0,0,0,0,0.543478261,0,0,1.630434783,0,0,0,0,0,0,0,0,0,0,0,0,1.086956522,0,0,0,0,0,2.717391304,10.32608696,0.543478261,1.630434783,0,0,2.173913043,3.804347826,0,0,0,2.173913043,0,0,14.13043478,0,0.543478261,0,3.804347826,0,0.543478261,0,0,0,0,0,0
0,0,0,0,0,0,0,0,0,0.775193798,0,0.775193798,2.325581395,2.713178295,3.100775194,1.162790698,0.387596899,0,6.589147287,0.387596899,0,0,0,0,3.100775194,0,0.775193798,0,0,0,0,0,0,0.775193798,0,0,0,0,0.387596899,1.162790698,0,0.387596899,0,0,0,0.775193798,0,2.325581395,1.162790698,0,0,0,0,0,0,0,0,0,0,0,1.550387597,0,0,11.24031008,0,1.937984496,0,0,0,0,0,0,0,0,0,0,0,0,0,0,0,0,0,0,0,0,0,0.387596899,0,0,0,0,0,0,0,0,0,0.387596899,0,0,0,0.775193798,0,0.775193798,0,0.387596899,0.775193798,0,0,0,0.387596899,0,0.775193798,0,0,0.387596899,0,0,0,0,1.937984496,0,0,0,0,0,0,0,0,0.387596899,0,1.162790698,0,0,0,0,0,0,0.775193798,0,0,0,0,11.24031008,0,0,0,0,0,0,0,0,0,0.387596899,0,0,0,0.387596899,3.488372093,0,0,0,0,0,0,0,0.775193798,0,0,0,0,0,0,0,0,0,0,7.364341085,9.302325581,3.488372093,0,0,0,2.325581395,0,0,0,0,1.550387597,0,0,1.162790698,0,0,0.387596899,1.550387597,0,0.387596899,0,0.387596899,0,0,0,0
0,0,0.418410042,0,0,0,0,0,0,0.836820084,0,1.673640167,2.510460251,0,0.836820084,0.836820084,2.092050209,0,6.276150628,1.255230126,0,0,0,0.418410042,2.510460251,0,1.673640167,0,0,0,0,0,0,0,1.673640167,0,0,0,0,0.418410042,0.418410042,0,0,0,0,0,0,3.347280335,0.836820084,0,0,0,0,0,0,0,0,0,0,0,1.255230126,0,0,11.29707113,0,2.510460251,0,0,0,0,0,0,0,0,0,0,0,0,0,0,0,0,0,0,0.418410042,0,0,0,0,0,0,0,0,0,0,0,0,0.836820084,0,0,0,0,0,0,0.836820084,1.255230126,1.255230126,0,0,0,0.836820084,0,0,0,0,0,0,0,0,0,2.092050209,0.418410042,0,0,0,0,0,0,0,0,0,0,0,0,0,0,0,0,0,0,0,0,0,8.786610879,0,0,0.418410042,0,0,0,0,0,0,0,0,0,0,0,2.928870293,0,0,0,0,0,0,0,0.418410042,0,0,0,0,0,0,0,0,0,0,11.71548117,11.29707113,2.092050209,0,0,0,2.092050209,0,0,0,0,0.418410042,0,0,2.928870293,0,0,0.836820084,0.836820084,0,1.255230126,0,0.418410042,0,0,0,0
0,0,0,0,0,0,0,0,0,0,0,0,0,0,0.296735905,0,0,0,0,0,0,0,0,0,25.81602374,8.308605341,5.934718101,0,0,0,0,0,0,0.59347181,0,0,0,0,0,0,1.483679525,0.296735905,0,0,0,0,0,0,0.59347181,0,0,0,0,0,0,0,0,0,0,0,0,0,0,0,0,0.59347181,0,0,0,0,0,0,0,0,0,0,0,0,0,0,0.296735905,0,0,0,0,0,0,0,0,0,0.296735905,0,0,0,0,0,0,0,0,0,0,0,0,0,0,0,0,0,0,3.560830861,0.296735905,0,0,0,0,0.296735905,0,0,0,0,0,0.296735905,0,0,0,1.78041543,0,0,0,8.902077151,0,0,0,0,0,0,0,0,0,0,3.857566766,0,0,0.296735905,0,0.296735905,0,0.296735905,0,0.296735905,0,0,0,0.296735905,0,0,0,0,0,0,0,0,0.296735905,0,0,0,0,0,1.18694362,0,0,0,0,0,0,0,0,0,9.198813056,0,0,0,0,0,0,0,0,0,0,0,0,0.890207715,0,0,0,0,0,0,0,0.296735905,0,0,0,4.154302671
0,0,0,0,0,0,0,0,0,0,0,0,0,0,0,0,0,0,0.213675214,0,0,0,0,0,27.99145299,10.68376068,9.401709402,0,0,0,0,0,0.427350427,0.213675214,0,0,0,0,0,0,0.854700855,0,0,0,0,0,0,0,0.641025641,0,0,0.213675214,0,0,0,0,0,0,0,0,0,0,0,0,0,0.641025641,0,0,0,0,0,0,0,0,0,0,0,0,0,0,0.213675214,0,0,0,0,0,0,0,0,0,0,0,0,0,0,0,0,0,0,0,0,0,0,0,0,0,0,0,0,2.136752137,0.213675214,0,0,0,0,0,0,0,0,0,0,0.427350427,0,0,0.213675214,0.213675214,0,0,0,7.264957265,0,0,0,0,0,0,0,0,0,0,3.846153846,0,0,1.068376068,0,0.427350427,0,0,0,0,0,0,0,0.213675214,0,0,0,0,0,0,0,0,0.213675214,0.641025641,0,0,0,0,0.854700855,0,0,0,0,0,0,0,0,0,10.47008547,0.213675214,0,0,0,0,0,0,0,0,0,0.213675214,0,0.641025641,0,0,0,0,0,0,0,1.068376068,0,0.641025641,0,1.923076923
0,0,0,0,0,0,0,0,0,0,0,1.587301587,0,0,1.058201058,0,0,0,0,0,0,0,0,0,59.52380952,0,0,0,0,0,0,0,0,0,0,0,0,0,0,0,0,0,0,0,0,16.4021164,0,0,0,0,0,0,0,0,0,0,0,0,0,0,0,0,0,0,0,1.587301587,0,0,0,0,0,0,0,0,0,0,0,0,0,0,0.264550265,0,0,0,0,0,0,0,0,0,0,0,0,0,0,0,0,0,0,0,0,0,0,0,0,0,0,0,0,0,0,0.529100529,0,0,0,0,0,0,0,0,1.322751323,0,0,0.529100529,1.322751323,0,0,0,0,1.058201058,0,0,0,0,0,0,0,0,0,0,0,0,0,0.529100529,0,0,0,0,0,0,0,0,0,0,0,0,0,0,0,0,0,0,0,7.142857143,0,0,0,0,0,0,0,0,0,0,0,0,0,4.497354497,0,2.380952381,0,0,0,0,0,0,0,0,0,0,0,0,0,0,0,0,0,0,0,0.264550265,0,0,0,0
0,0,0,0,0,0,0,0,0,0,0,2.877697842,0,0,1.918465228,0,0,0,0,0,0,0,0,0,60.91127098,0,0,0,0,0,0,0,0,0,0,0,0,0,0,0,0,0,0,0,0,12.94964029,0,0,0,0,0,0,0,0,0,0,0,0,0,0,0,0,0,0,0,1.199040767,0,0,0,0,0,0,0,0,0.239808153,0,0,0,0,0,0.479616307,0,0,0,0,0,0,0,0,0,0,0,0,0,0,0,0,0,0,0,0,0,0,0,0,0,0,0,0,0,0,3.357314149,0,0,0,0,0,0,0,0,0.71942446,0,0,0.71942446,0.479616307,0,0,0,0,0.71942446,0,0,0,0,0,0,0,0,0,0,0,0,0,1.918465228,0,0,0,0,0,0,0,0,0,0,0,0,0,0,0,0,0,0,0,4.316546763,0,0,0,0,0,0,0,0,0,0,0,0,0,1.199040767,0,4.076738609,0,0,0,0,0,0,0,0,0,0.71942446,0,0,0,0,0,0,0,0,0,1.199040767,0,0,0,0
0,0,0,0,0,0,0,0,0,0,0,2.544529262,0,0,2.290076336,0,0,0,0,0,0,0,0,0,58.2697201,0,0,0,0,0,0,0,0.254452926,0.508905852,0,0,0,0,0,0,0,0,0,0,0,10.17811705,0,0,0,0,0,0,0,0,0,0,0,0,0,0,0,0,0,0.254452926,0,1.781170483,0,0,0,0,0,0,0,0,0,0,0,0,0,0,0.508905852,0,0,0,0,0,0,0,0,0,0,0,0,0,0,0,0,0,0,0,0,0,0,0,0,0,0,0,0,0,0,1.781170483,0,0,0,1.272264631,0,0,0,0.254452926,1.272264631,0,0,1.017811705,2.290076336,0,0,0,0,3.562340967,0,0,0,0,0,0,0,0,0,0,0,0,0,1.781170483,0,0,0,0,0,0,0,0,0,0,0,0,0,0,0,0,0,0,0,5.089058524,0,0,0,0,0,0,0,0,0,0,0,0,0,0,0,2.798982188,0,0,0,0,0,0,0,0,0,2.03562341,0,0,0,0,0,0,0,0,0,0.254452926,0,0,0,0
0,0,0,0,0,0,0,0,0,0,0,1.428571429,0,0,1.071428571,0,0,0,0,0,0,0,0,0,50.35714286,0,0,0,0,0,0,0,0.357142857,0.357142857,0,0,0,0,0,0,0,0,0,0,0,6.785714286,0,0,0,0,0,0,0,0,0,0,0,0,0,0,0,0,0,0.714285714,0,6.785714286,0,0,0,0,0,0,0,0,2.142857143,0,0,0,0,0,3.214285714,0,0,0,0,0,0,0,0,0,0,0,0,0,0,0,0,0,0,0,0,0,0,0,0,0,0,0,0,0,0,2.5,0,0,0,1.071428571,0,0,0,1.071428571,0.714285714,0,0,1.428571429,3.928571429,0,0,0,0,2.142857143,0,0,0,0,0,0,0,0,0,0,0,0,0,0.714285714,0,0,0,0,0,0,0,0,0,0,0,0,0,0,0,0,0,0,0,4.285714286,0,0,0,0,0,0,0,0,0,0,0,0,0,1.428571429,0,5.714285714,0,0,0,0,0,0,0,0,0,1.785714286,0,0,0,0,0,0,0,0,0,0,0,0,0,0
0,0.646551724,0.431034483,0,0,0,0,0,0,0,0,0.862068966,0,0,0.215517241,0,0,0.215517241,0.431034483,0,0,0,0,0,0,0,0,0,0,0.431034483,0,0,0.215517241,1.077586207,0,0.215517241,0.862068966,0,0.215517241,3.017241379,3.448275862,0,0.215517241,0.431034483,1.293103448,0,1.293103448,0,0.431034483,0,0,0,0,0,0,0.215517241,0.862068966,0,4.956896552,3.232758621,0.431034483,0,0.215517241,2.155172414,0.215517241,0.215517241,0.215517241,0,0,0,0,0,0,0,0.431034483,0.215517241,0.215517241,0,1.293103448,0,1.50862069,0,0,0,0,0,0,0,2.155172414,0,0,0,0,0,0,0,0,0.431034483,1.077586207,0.431034483,0.431034483,0,0.862068966,0.431034483,1.939655172,0,0,0.215517241,0.215517241,2.801724138,1.724137931,0,1.077586207,0,0.431034483,1.724137931,0.215517241,0,0.215517241,0.646551724,3.663793103,0,0,0.215517241,0.862068966,0.862068966,0,0,0,0,3.663793103,0,1.50862069,2.370689655,0.431034483,0,0,1.293103448,0,1.724137931,0,0.215517241,0.215517241,0,0,0,0,0,0,0,0.215517241,0.215517241,0,2.370689655,0,1.50862069,0,0.215517241,4.74137931,0.215517241,0,1.293103448,0,0,0,0,1.077586207,0.215517241,0.431034483,0.862068966,0,0,0,0,0.431034483,0.215517241,0,1.939655172,0,0,0,0,0.215517241,0,0,0,0.862068966,0,0.431034483,1.077586207,0,0,1.939655172,0,0,8.620689655,1.077586207,0.646551724,0,0,1.50862069,0,0,0
0,0.975609756,0.325203252,0,0,0,0,0,0,0,0,0.325203252,0,0,1.300813008,0,0,0.975609756,0.162601626,0,0,0.325203252,0,0,0,0,0,0.162601626,0.487804878,0,0,0,0.81300813,0.81300813,0,0,0.81300813,0,0.650406504,3.902439024,3.414634146,0,0,0.975609756,2.601626016,0,0.487804878,0,0,0,0,0,0,0,0,1.138211382,0.650406504,0,4.715447154,3.739837398,0.487804878,0,0.162601626,0.975609756,0.487804878,0.325203252,0.162601626,0,0.325203252,0,0,0,0,0,0.975609756,0.487804878,0,0,1.62601626,0,1.300813008,0,0,0,0,0,0,0,1.463414634,0,0,0,0,0,0,0,0,0.325203252,0.162601626,0,0,0,0.650406504,0.487804878,1.951219512,0.325203252,0.650406504,0,0.325203252,0.975609756,1.138211382,0,2.113821138,0,0.162601626,3.739837398,0.162601626,0,0,0,5.203252033,0.162601626,0,0.325203252,0.81300813,0.81300813,0,0,0.162601626,0,3.25203252,0,0.487804878,0.325203252,0.325203252,0,0,1.300813008,0,0.487804878,0,0,0.162601626,0.162601626,0,0,0,0,0,0,0.325203252,0.325203252,0,1.951219512,0,0.975609756,0,0.487804878,2.43902439,0,0,0.81300813,0.162601626,0,0,0.162601626,0,0,0.650406504,0.487804878,0,0,0,0,0,1.300813008,0,2.276422764,0,0.162601626,0,0,0.162601626,0.487804878,0,0,0.325203252,0,0.650406504,1.62601626,0,0,2.113821138,0.325203252,0,9.756097561,0.487804878,0.81300813,0,0.325203252,1.62601626,0,0.487804878,0
0,0,0,0,0,0,0,0,0,0,0,1.713062099,0,0,1.070663812,0.214132762,0,0.428265525,0,0,0,0.428265525,0,0,0,0,0.428265525,0,0,0,0,0,1.498929336,0.642398287,0,0.214132762,0.856531049,0,3.426124197,3.426124197,3.640256959,0,0,0.856531049,0.642398287,0,0.642398287,0,0.214132762,0,0,0,0,0,0,0,0.214132762,0,0.642398287,3.640256959,0.642398287,0,0,0.428265525,0.642398287,1.927194861,0,0,0,0,0,0,0,0,0.428265525,0.214132762,0,0,0.428265525,0,1.927194861,0,0,0,0,0,0,0,1.927194861,0,0,0,0,0,0,0,0,0.214132762,0.214132762,0,0,0,0.214132762,0.642398287,1.070663812,0.642398287,0,0,0.214132762,1.070663812,0.428265525,0,0.642398287,0,0,0.856531049,0,0,0,0.428265525,1.498929336,0,0,0.642398287,1.927194861,11.77730193,0,0,0,0,6.423982869,0,0.214132762,0.428265525,0,0,0,1.498929336,0.428265525,0.642398287,0,0,0,0.642398287,0,0,0,0,0,0,0.642398287,0.428265525,0,3.211991435,0,0.214132762,0,0,2.355460385,0,0,0.642398287,0,0,0,0,0.856531049,0.214132762,3.211991435,0.214132762,0,0,0,0,0,0.214132762,0,1.713062099,0,0.428265525,0,1.070663812,0.214132762,0,0,0,0,0,0.856531049,1.927194861,0,0,1.498929336,0,0,4.068522484,0.214132762,1.284796574,0,0,1.927194861,0,1.070663812,0
0,0,0.589390963,0.196463654,0,0,0,0,0,0,0,0.982318271,0,0,0.392927308,0.982318271,0,0.785854617,0,0,0,0.196463654,0,0,0,0,4.518664047,0,0,0,0,0,0,0.785854617,0,0,0,0,2.946954813,4.322200393,4.322200393,0,0,1.571709234,0.982318271,0,1.178781925,0,0.785854617,0,0,0,0,0,0,0.196463654,0,0,0.196463654,2.161100196,0.589390963,0,0,1.37524558,2.161100196,3.536345776,0,0,0.196463654,0,0,0,0,0,0.785854617,0,0,0,0,0,1.37524558,0,0,0,0,0,0,0,1.964636542,0,0,0,0,0,0,0,0,0.196463654,0.589390963,0,0,0,0.589390963,0,1.37524558,0.392927308,0.196463654,0,0,2.357563851,0.982318271,0.785854617,0.785854617,0,0,0.589390963,0,0,0,0,1.37524558,0.196463654,0,1.37524558,2.357563851,8.251473477,0,0,0,0.392927308,2.554027505,0,0,0,0.196463654,0,0,0.196463654,0.392927308,0,0,0,0,1.571709234,0,0,0,0,0,0,1.178781925,0.392927308,0,0.982318271,0,0.392927308,0,0,4.911591356,0,0,0.785854617,0,0.392927308,0,0.196463654,0,0.589390963,1.178781925,0,0,0,0,0,0,0.196463654,0,5.304518664,0,0,0,0.392927308,0,0.392927308,0,0,0.392927308,0,2.161100196,1.178781925,0,0,1.571709234,0,0,5.304518664,0,0.982318271,0,0,0.392927308,0,0.589390963,0
0,0,0.826446281,0,0,0,0,0,0,0,0,0.275482094,0,0,2.754820937,0,0,0.275482094,0,0,0,0,0,0,0,0,1.101928375,0,0,0,0,0.275482094,2.203856749,0.275482094,0,1.928374656,0,0,3.581267218,2.203856749,1.928374656,0,0,0.275482094,0,0,0.826446281,0,0.275482094,0,0,0,0,0,0,0,0,0,0,1.928374656,3.305785124,0,0,3.305785124,1.377410468,1.652892562,0,0,0,0,0,0,0,0,1.377410468,0,0,0,0,0,1.101928375,0,0,0,0,0,0,0,1.652892562,0,0,0,0,0,0,0,0,0,0,0,0,0,0,0.275482094,0.275482094,0.826446281,0,0,0.550964187,0.550964187,0.826446281,0,3.305785124,0,0,1.652892562,0,0,0,0,2.203856749,0,0,2.203856749,2.479338843,12.9476584,0,0,0,0,3.856749311,0,0,0,0.275482094,0,0,0.550964187,0.275482094,0,0,0,0,3.305785124,0,1.101928375,0,0,0,0,0.826446281,0.550964187,0,3.856749311,0,0.275482094,0,0,1.101928375,0,0,0.826446281,0,0.275482094,0,0.275482094,1.652892562,0,1.652892562,0,0,0,0,0,0,0,0,3.03030303,0,0.275482094,0,0,0,0.275482094,0,0,0.550964187,0,2.754820937,1.101928375,0,0,1.101928375,0.550964187,0,1.928374656,0,0,0,0.550964187,0.826446281,0,1.101928375,0
0,0,0,0,0,0,0,0,0,0,0,0.900900901,0,0,1.081081081,0,0,0.720720721,0,0,0,0,0,0,0.18018018,0,11.89189189,0,0,0,0,0.18018018,0.36036036,0.18018018,0,0.18018018,0,0,2.522522523,3.423423423,1.261261261,0,0,0.900900901,0,0,1.441441441,0,0,0,0,0,0,0,0,0,0,0,0,1.261261261,1.081081081,0,0,5.225225225,0.36036036,4.324324324,0,0,0,0,0,0,0,0,0.720720721,0,0.18018018,0,0,0,1.081081081,0,0,0,0,0,0,0,0.540540541,0,0,0,0,0,0,0,0,0,0,0,0,0,0.720720721,0,0,0.18018018,0,0,0,1.801801802,0.18018018,0.720720721,1.621621622,0,0,2.882882883,0,0,0,0,2.522522523,0.18018018,0,2.882882883,2.522522523,10.27027027,0,0,0,0.720720721,2.342342342,0,0,0.18018018,0,0,0,1.261261261,0.18018018,0,0,0,0.18018018,7.207207207,0,0,0,0,0,0,0,0.540540541,0,3.423423423,0,0,0,0,1.261261261,0,0,0.540540541,0,0.540540541,0,0.18018018,0.900900901,0.18018018,0.900900901,0,0,0,0,0,0,0,0,4.324324324,0,1.081081081,0,0.18018018,0,0.720720721,0,0,0,0,0.540540541,1.801801802,0,0,0.36036036,0,0,1.621621622,0,0,0,0.18018018,0,0,0.540540541,0
