Acanthosphaera_spp.,Acrobotrys_teralans,Acrosphaera_arktios,Acrosphaera_cyrtodon,Acrosphaera_inflata,Acrosphaera_lappacea,Acrosphaera_murrayana,Acrosphaera_spinosa,Actinomma_antarcticum,Actinomma_arcadophorum,Actinomma_boreale,Actinomma_delicatulum,Actinomma_leptodermum_s.l.,Actinomma_medianum,Actinomma_popofskii,Actinomma_sol,Actinomma_spp.,Actinomma_trinacria,Amphiplecta_acrostoma,Amphirhopalum_ypsilon,Anomalocantha_dentata,Antarctissa_denticulata,Antarctissa_spp.,Antarctissa_strelkovi,Stichopilidium_kruegeri,Anthocyrtidium_ophirense,Anthocyrtidium_zanguebaricum,Arachnocorys_umbellifera,Artostrobus_annulatus,Artostrobus_joergenseni,Axoprunum_stauraxonium,Botryocephalina_armata,Botryocyrtis_scutum,Botryopyle_cribrosa,Botryopyle_inflata,Botryostrobus_aquilonaris,Botryostrobus_auritus/australis,Botryostrobus_spp.,Carpocanarium_papillosum,Carpocanistrum_spp.,Cenosphaera_cristata,Cenosphaera_perforata,Cenosphaera_spp.,Ceratocyrtis_galeus,Ceratocyrtis_histricosa,Circodiscus_microporus,Cladococcus_abietinus,Cladoscenium_ancoratum,Cladoscenium_limbatum,Clathrocanium_coarctatum,Corythospyris_stapedius,Collosphaera_confossa,Collosphaera_huxleyi,Collosphaera_macropora,Cornutella_profunda,Corocalyptra_craspedota,Pseudodictyophimus_horrida,Cubotholus_spp.,Cycladophora_bicornis,Cycladophora_davisiana_cornutoides,Cycladophora_davisiana_davisiana,Cypassis_irregularis,Cyrtopera_laguncula,Dictyocoryne_profunda,Dictyophimus_crisiae/hirundo,Dictyophimus_infabricatus,Dictyophimus_killmari,Dictyophimus_macropterus,Dictyophimus_spp.,Didymocyrtis_tetrathalamus,Druppatractus_irregularis,Stylatractus_ostracion,Druppatractus_variabilis,Enneaphormis_rotula,Euchitonia_elegans/furcata_gr.,Eucyrtidium_acuminatum,Eucyrtidium_anomalum,Eucyrtidium_calvertense,Eucyrtidium_cienkowskii,Eucyrtidium_hexagonatum,Eucyrtidium_hexastichus,Eucyrtidium_octocolum,Eucyrtidium_spp.,Eucyrtidium_teuscheri,Gondwanaria_dogieli,Heliodiscus_asteriscus,Hexalonche_amphisiphon,Hexacontium_arachnoidale,Hexacontium_enthacanthum,Hexacontium_gigantheum,Hexacontium_laevigatum,Hexacontium_melpomene,Hexacontium_pachydermum,Hexapyle_dodecantha,Hexastylus_spp.,Lamprocyclas_hannai,Lamprocyclas_maritalis_s.l.,Lamprocyrtis_nigriniae,Lampromitra_coronata,Lampromitra_quadricuspis,Lampromitra_schultzei,Litheliidae/Pyloniidae,Larcopyle_buetschlii,Larcopyle_polyacantha,Larcopyle_pylomaticus,Larcopyle_weddellium,Larcospira_quadrangula,Larnacilla_typus,Lirella_melo,Liriospyris_reticulata,Litharachnium_tentorium,Lithelius_minor,Lithelius_nautiloides,Lithelius_spiralis,Lithelius_sp._1,Lithocampe_?_furcaspiculata,Lithocampe_?_platycephala,Lithomelissa_setosa,Lithomelissa_hystrix,Lithomelissa_laticeps,Lithomelissa_sp._A,Lithomelissa_spp.,Lithomelissa_thoracites,Lithostrobus_cuspidatus,Lonchosphaera_spicata,Lophophaena_buetschlii,Lophophaena_hispida,Lophophaena_spp.,Lophospyris_pentagona,Mitrocalpis_araneafera,Solenosphaera_zanguebarica,Peridium_longispinum,Peripyramis_circumtexta,Peromelissa_phalacra,Phormacantha_hystrix,Phormospyris_stabilis,Phormostichoartus_corbula,Phorticium_clevei,Plectacantha_oikiskos,Plectopyramis_dodecomma,Porodiscus_spp.,Pseudocubus_obeliscus,Pseudodictyophimus_platycephalus,Pseudodictyophimus_bicornis,Pseudodictyophimus_gracilipes,Pterocanium_korotnevi,Pterocanium_praetextum_eucolpum,Pterocanium_praetextum_praetextum,Pterocanium_charybdeum,Pterocorys_clausus/zancleus,Pterocorys_minythorax,Pteroscenium_pinnatum,Pylospira_octopyle,Rhizoplegma_boreale,Saccospyris_antarctica,Saccospyris_conythorax,Saccospyris_spp.,Saturnalis_circularis,Schizodiscus_stylotrochoides,Sethoconus_tabulatus,Siphocampe_arachnea,Siphocampe_lineata,Siphonosphaera_socialis,Sphaeropyle_antarctica,Spongocore_cylindricus,Spongodiscus_resurgens,Spongopyle_osculosa,Spongotrochus/Spongopyle_spp.,Spongotrochus_glacialis,Stichopilium_bicorne,Stylatractus_neptunus,Stylatractus_spp.,Stylochlamydium_asteriscus,Stylochlamydium_spp.,Stylochlamydium_venustum,Stylodictya_aculeata,Stylodictya_spp.,Stylodictya_tenuispina,Stylodictya_validispina,Stylosphaera_spp.,Styptosphaera_spumacea,Tetrapyle_octacantha/stenozona,Theocorys_veneris,Theocorythium_trachelium,Tessarastrum_straussi,Tholospyris_gephyristes,Triceraspyris_antarctica,Trissocyclidae,Trisulcus_testudus,Trisulcus_triacanthus,Zygocircus_productus_gr.
0,0,0,0,0,0,0,0,0,0,3.624733475,1.70575693,2.985074627,0,1.70575693,0,1.70575693,0,0,0,0,23.24093817,0,4.051172708,0,0,0,0,0,0.213219616,0,0,0,0,0,0,0,0,0.426439232,0,2.345415778,0,0.213219616,0,0,0,0,0,0,0,0,0,0,0,1.066098081,0,0,0,0.213219616,0.213219616,4.264392324,0,0.213219616,0,0,0,0,0,0,0,0,0,0,0,0,0,0,0,0,0,0,0,0,0,0.213219616,0,0,0,0,0,0,0,0,0,0,0,0,0,0,0,0,2.771855011,0.213219616,0.213219616,2.771855011,0.639658849,0,0,0,0,0.426439232,0.213219616,2.558635394,0,1.066098081,0.852878465,2.558635394,0,0,0,1.279317697,0,0,0,0,0,0,0,0,0,0,0,0.213219616,0,0,0,0,0,0,0,0,0,0,0,2.345415778,0,0,0,0,0,0,0,0,0,1.492537313,0,0,0,0,0.213219616,3.837953092,0,0,2.558635394,0,0.213219616,1.279317697,2.345415778,2.985074627,0,0.426439232,0,0,0,0,3.411513859,0,2.345415778,0,0,0,0,0,0,0,0,7.462686567,0,0,0,0
0,0,0,0,0,0,0,0,0,0,0.322580645,0.64516129,0.322580645,0,0.322580645,0,0,0,0,0,0,39.35483871,0,4.193548387,0,0,0,0,0,0,0,0,0,0,0,0,0,0,0,0,0.967741935,0,0.322580645,0,0,0,0,0.322580645,0,0,0,0,0,0,0,0,0,0,0,0,1.935483871,0,0,0,0,0,0,0,0,0,0,0,0,0,0,0,0,0,0,0,0,0,0,0,0,0,0,0,0,0,0,0,0,0,0,0,0,0,0,0,0,5.806451613,0,0,3.225806452,0.64516129,0,0,0,0,0,1.290322581,5.806451613,0,0,0.64516129,2.258064516,0,0,0,0.967741935,0,0,0,0,0,0,0,0,0,0,0,0,0,0,0,0,0,0.322580645,0,0,0,0,0,0.322580645,0,0,0,0,0,0,0,0,0,0.64516129,0,0,0,0,0,0,0,0,0,0,0.64516129,0.64516129,8.387096774,5.161290323,0,0.322580645,0,0,0,0,0,0,0.967741935,0,0,0,0,0,0,0,0,6.451612903,0,0,0,0
0,0,0,0,0,0,0,0,0,0,0,0,0.273224044,0,0,0,0.273224044,0,0,0,0,60.38251366,0,11.47540984,0,0,0,0,0,0,0,0,0,0,0,0,1.092896175,0,0,0,0.546448087,0,0,0,0,0,0,0,0,0,0,0,0,0,0,0,0,0,0.546448087,0,0,0,0,0,0,0,0,0,0,0,0,0,0,0,0,0,0,0,0,0,0,0,0,0,0,0,0,0,0,0,0,0,0,0,0,0,0,0,0,0,0,0.819672131,1.092896175,0,0.819672131,0,0,0,0,0,0.273224044,0,4.098360656,0,0.273224044,3.005464481,0,0,0,0,1.366120219,0,0,0,0,0,0,0,0,0,0,0,0,0,0,0,0,0,0,0,0,0,0,0,0.273224044,0,0,0,0,0,0,0,0,0,0.819672131,0,0,0,0,0.273224044,0,0,0,0,0,0,0,3.551912568,2.732240437,0,0,0,0,0,0,0,0,1.366120219,0,0,0,0,0,0,0,0,0.819672131,0,0,0,0
0,0,0,0,0,0,0,0,0,0,0,0,0.286532951,0,0,0,0,0,0,0,0,65.9025788,0,17.76504298,0,0,0,0,0,0,0,0,0,0,0,0,0,0,0,0,0.859598854,0,0,0,0,0,0,0,0,0,0,0,0,0,0,0,0,0,0.286532951,0,0.286532951,0,0,0,0,0,0,0,0,0,0,0,0,0,0,0,0,0,0,0,0,0,0,0,0,0,0,0,0,0,0,0,0,0,0,0,0,0,0,0,0,0,0.286532951,0,0.286532951,0,0,0,0,0,0,0,0,0,0.859598854,0.573065903,1.146131805,0,0,0,4.871060172,0,0,0,0,0,0,0,0,0,0,0,0,0,0,0,0,0.286532951,0,0,0,0,0,0.286532951,0.286532951,0,0,0,0,0,0,0,0,0,0.286532951,0,0,0,0,0,0,0,0,0,0,0,0,1.146131805,1.146131805,0,0,0,0,0,0,0,0,0.573065903,0,0,0,0,0,0,0,0,1.146131805,0,0.286532951,0,0
0,0,0,0,0,0,0,0,0,0,0,0,0,0,0,0,0,0,0,0,0,67.89772727,0,12.5,0,0,0,0,0,0,0,0,0,0,0,0,0,0,0,0,0.568181818,0,0,0,0,0,0,0,0,0,0,0,0,0,0,0,0,0,0.852272727,0,0.284090909,0,0,0,0,0,0,0,0,0,0,0,0,0,0,0,0,0,0,0,0,0,0,0,0,0,0,0,0,0,0,0,0,0,0,0,0,0,0,0,0,0,0,0,0,0,0,0,0,0,0,0,1.988636364,0,0.284090909,0.284090909,1.420454545,0,0,0,7.386363636,0,0,0,0,0,0,0,0,0,0,0,0,0,0,0,0,0,0,0,0,0,0,0,0,0,0,0,0,0,0,0,0,0.568181818,0,0,0,0,0,0,0,0,0,0,0,0,0,0.852272727,0,0,0,0,0,0,0,0,0,0.568181818,0,0,0,0,0,0,0,0,0.568181818,0,0,0,0
0,0,0,0,0,0,0,0,0,0,0,0,0,0,0,0,0,0,0,0,0,42.1686747,0,4.819277108,0,0,0,0,0,0,0,0,0,0,0,0,0,0,0,0,0.301204819,0,0,0,0,0,0,0,0,0,0,0,0,0,0,0,0,0,0.903614458,0,0,0,0,0,0,0,0,0,0,0,0,0,0,0.301204819,0,0,0,0,0,0,0,0,0,0,0,0,0,0,0,0,0,0,0,0,0,0,0,0,0,0,0,2.409638554,0.301204819,0,0.301204819,0,0,0,0,0,0,0,1.506024096,0,0.301204819,1.506024096,0.602409639,0,0,0,17.77108434,0,0,0,0,0,0,0,0,0,0,0,0,0,6.626506024,0,0,0,3.915662651,0,0,0.301204819,0,0,1.204819277,0,0,0,0,0,0,0,0,0,0.301204819,0,0,0,0,0,0,0,0,0,0,0,0,0.602409639,1.506024096,0,0,0,0,0,0,0,0,1.506024096,0,0,0,0,0,0,0,0,2.409638554,0.301204819,0,0,0
0,0,0,0,0,0,0,0,0,0,0,0,0,0,0,0,0,0,0,0,0,75.21367521,0,16.52421652,0,0,0,0,0,0,0,0,0,0,0,0,0,0,0,0,0.854700855,0,0,0,0,0,0,0,0,0,0,0,0,0,0,0,0,0,0,0,0,0,0,0,0,0,0,0,0,0,0,0,0,0,0,0,0,0,0,0,0,0,0,0,0,0,0,0,0,0,0,0,0,0,0,0,0,0,0,0,0,0.854700855,0,0,0,0,0,0,0,0,0,0,0.56980057,0,0,0,0,0,0,0,2.564102564,0,0,0,0,0,0,0,0,0,0,0,0,0,0,0,0,0,0,0,0,0,0,0,0,0,0,0,0,0,0,0,0,0,0.284900285,0,0,0,0,0,0,0,0,0,0,0.56980057,0,0.56980057,0.56980057,0,0,0,0,0,0,0,0,0.284900285,0,0,0,0,0,0,0,0,0,0,0,0,0
1.049868766,0,0,0,0,0,0,0,0,0,0.262467192,0.524934383,4.98687664,0,0.787401575,0,3.412073491,1.837270341,0,0,0,0,0,0.262467192,0,0,0,0,0,0,1.57480315,0,0,0,0,6.299212598,2.887139108,0,0,0,1.049868766,0.262467192,0.524934383,0,0,0,0,0,0,0,0,0,0,0,0,0.787401575,0,0,0.262467192,0,0,0,0,1.312335958,0,0,0,0,0,0,0,0,0,0,0,0,0,0,0,0,0,0,0,0,0,3.937007874,0,0,0,0,0,0.262467192,0,0.524934383,0,0.787401575,0.262467192,0,0,0,0,6.299212598,0,0,0,0.262467192,0,0.262467192,0,0,0,6.824146982,0,0,0,0,0,1.049868766,0.524934383,0,0,0,0,0,0,0,0,0,0,0,0,0,0.262467192,0,0,0,0,4.724409449,0,0,0,0,0.262467192,0.524934383,0.524934383,0,0,0,0,0.262467192,0,0,0.524934383,0,0,0.262467192,0,0,0,0,0,0,0,0,0,0,6.036745407,8.923884514,0.787401575,0,0.262467192,0,0,0.524934383,0.524934383,1.57480315,0.787401575,0,7.874015748,0,0.262467192,10.49868766,0,0,0,0,0,0,0,0,0
0,0,0,0,0,0,0,0,0,0,0.626959248,1.253918495,1.253918495,0,0,0,0,0,0,0,0,11.91222571,0,3.448275862,0,0,0,0,0,1.253918495,0,0,0,0,0,0,0.313479624,0,0,0,0.626959248,0,0,0,0,0,0,0.626959248,0,0,0,0,0,0,0,0,0,0,0,0,6.5830721,0,0,0,0,0,0,0,0,0,0,0,0.313479624,0,0,0,0,0,0,0,0,0,0,0.313479624,0.626959248,0,0,0,0,0,0,0,0,0,0,0,0,0,2.821316614,0,0,4.702194357,0,0,0.940438871,1.567398119,0,0.313479624,0,0,0.313479624,0,0,0,0.313479624,2.507836991,5.015673981,0,0,0,4.702194357,0,0,0,0,0,0,0,0,1.880877743,0,1.253918495,0.313479624,0,1.880877743,0,0,1.253918495,0.313479624,0,0,0,0,0.313479624,5.329153605,0,0,0,0,0,0,0,0,0.940438871,0,0.313479624,0,0,0.313479624,0,0.626959248,0,0,0,0,1.567398119,2.821316614,4.702194357,6.896551724,0,0.313479624,0,0,0,0,0,0,1.253918495,0,0,0,0,0,0,0,0,0.626959248,0.940438871,0,0,0
0.859598854,0,0,0,0,0.286532951,1.719197708,7.449856734,0,0,0,0.286532951,0.286532951,0,0.573065903,0,0.573065903,0,0,0.573065903,0,0,0,0,0.286532951,0,0,0,0,0,0,0,0,0,0,0,0.286532951,0,2.865329513,0.859598854,1.719197708,0,1.432664756,0,0,0.286532951,0,0,0,0,0,0,0,0.286532951,0,0,0,0,0.286532951,0,0.573065903,0,0,3.151862464,0,0.286532951,0,0.286532951,0,2.005730659,0,0.286532951,0,0,0,0.286532951,0,0,0,0,0,0,0,0,0,1.146131805,0,0,0,0,0,0,0,0.286532951,0,0,4.297994269,0,0,0,0,12.32091691,0.859598854,0.286532951,0,1.432664756,0,0.859598854,0,0,0,2.865329513,0,0,0,0,0,0,0,0,0,0,0,0,0,0,0,0,0,0,0,0,0,0,0,0.859598854,0,0,0,0,4.297994269,0,0.286532951,0,0.286532951,0,0,0,0,0.286532951,0,0,0,0,0,0,0,0,0,0,0,0.286532951,0,0,0,0,4.297994269,6.59025788,0,0,0,0.573065903,2.005730659,0.573065903,0.573065903,0.573065903,0,5.444126074,2.865329513,0,0,6.303724928,0,0.286532951,0,0,0,0.573065903,0,0,0
0,0,0,0,0,0,0.598802395,2.095808383,0,0,0,0,0,0,0.299401198,0,0,0,0,0,0,0,0,0,0,0,0,0,0,0,1.19760479,0,0,0,0,0,0.299401198,0,1.796407186,0.299401198,3.592814371,0,1.796407186,0,0,0,0,0,0,0,0,0,0,0.299401198,0,0,0,0,0,0,0,0,0,1.497005988,0,0,0,0,0,0,0,0,0,0,0,0,0,0,0,0,0,0,0,0,0,0,0,0,0,0,0,0,0,0.299401198,0,0,4.491017964,0,0,0.299401198,0,13.47305389,0,0.299401198,0,0.598802395,0,1.497005988,0,0,0,9.580838323,0,0,0,0,0,0,0,0,0,0,0,0,0,0,0,0,0,0,0,0,0,0,0,0,0,0,0,0,3.592814371,0,0,0,0,0,0,0,0,0,0,0,0,0,0,0,0,0,0,0,0,0,0,0,0,0,4.191616766,10.77844311,0,0,0.299401198,0.898203593,0.299401198,2.095808383,0.299401198,3.293413174,0,7.185628743,7.784431138,0,0,3.892215569,0,0.299401198,0,0,0,0,0,0,0
1.329787234,0,0,0,0,0,0,0,0,0,0,0,0.531914894,0,0.265957447,0.265957447,0.531914894,0,0,0.265957447,0,0,0,0,0,0,0,0,0,0,0.265957447,0,0,0,0,1.329787234,2.127659574,0,3.191489362,0,1.329787234,0,0.265957447,0,0,0,0,0,0,0,0,0,0,0,0.265957447,0,0,0,1.329787234,0,0,0.531914894,0,2.659574468,0.265957447,0,0,0.265957447,0,0,0,0.265957447,0,0,0,0.531914894,0,0,0,0.265957447,0,0.531914894,0,0.265957447,0,0.531914894,0,0,0,0,0,0,0,1.329787234,0,0.79787234,2.127659574,0,0,0,0,11.96808511,1.063829787,0,0,1.329787234,0,1.861702128,0,0,0,5.585106383,0,0,0,0,0,0,0,0,0,0,0.265957447,0,0,0,0,0,0.265957447,0,0,0,0,0,0,0,0,0,0,0,3.989361702,0,0,0,0,0,0,0,0,0,0,0,0.265957447,0,0,0,0,0,0,0,0,0,0,0,0,0,0.79787234,7.446808511,0.531914894,0,0.265957447,0.531914894,0.265957447,1.595744681,1.063829787,2.659574468,2.925531915,6.382978723,7.712765957,0,0,6.382978723,0,1.595744681,0,0,0,0.265957447,0,0,0
0,0,0,0,0,0,0,0,0,0,1.546391753,2.06185567,1.546391753,0,0,0,0,0,0,0,0,28.35051546,0,4.12371134,0,0,0,0,0,0.515463918,0,0,0,0,0,0,0,0,0,0,0,0,0,0,0,0,0,0,0,0,0,0,0,0,0.515463918,0,0,0,1.546391753,0,3.608247423,0,0.515463918,0,0,0,0,0,0,0,0,0,0,0.515463918,0,0,0,0,0,0,0,0,0,0,0.515463918,0,0,0,0,0,0,0,0,0,0,0,0,0,1.546391753,0,0,3.092783505,0,0,1.030927835,1.030927835,0,0,0,0,0,0,1.546391753,0,0,2.577319588,3.092783505,0,0,0,1.546391753,0,0,0,0,0,0,0,0,0,0,0,0.515463918,0,1.546391753,0,0,0.515463918,1.030927835,0,0,0,0.515463918,0,3.608247423,0,0,0,0,0,0,0,0,0.515463918,0,0,0,0,0,0,0,0,0,0,0,1.030927835,2.577319588,6.701030928,5.154639175,0,0,0,0,0,0,1.030927835,0,2.06185567,0,0,0,0,0,0,0,0,0.515463918,0,0,0,0
0.563380282,0,0,0,0,0,0,0,0.281690141,0,0,1.690140845,8.450704225,0,1.126760563,0,0,1.408450704,0.281690141,0,0,0,0,0.281690141,0,0,0,0,0,0,0.563380282,0,0,0,0,12.95774648,1.408450704,0,0.563380282,0,0,0,1.690140845,0,0,0,0,0,0,0,0,0,0,0,0.281690141,1.408450704,0,0.281690141,0,0,0,0,0,1.126760563,0,0,0,0,0,0,0,0,0,0,0,0.281690141,0,0,0,0,0.281690141,0.281690141,0,0,0,1.408450704,0,0,0,0,0,0.281690141,0.281690141,0.281690141,0,0.563380282,0,0,0,0,0,7.887323944,0,0,0,0.281690141,0,0.281690141,0,0,0,5.915492958,0,0,0,0,0,0.563380282,0.563380282,0,0,0,0,0,0,0,0,0.281690141,0,0,0,0,0,0,0,0,0,3.098591549,0,0,0,0,0,0.563380282,0.845070423,0,0,0,0,0,0,0,1.126760563,0,0,0.845070423,0,0,0,0,0,0,0,0,0,0,6.76056338,8.732394366,0.845070423,0,0,0,0,1.408450704,0.563380282,2.253521127,1.126760563,0.563380282,5.070422535,0,0,6.197183099,0,0,0,0,0,0,0,0,0
3.666666667,0,0,0,0,0,0,0,0,0,0,0,1,1,0,0,0,0,0,0,0,0,0.333333333,0,0,0,0,0,0,0,0,0,0,0,0,0,0,2.333333333,0,0,0,0,0,0,0,0,0,0,0,0,0,0,0,0,0,0,0,0,0,0,1.666666667,0,0,2.666666667,0,0,0,0,0.333333333,0,0,0,0,0,0,0,0,0,0,0.333333333,0,0,0,0,0,0,0,0,0,0,0,0,0,0,0,0,0,0,0,0,0,21.66666667,1,0,0.666666667,1.666666667,0,0.333333333,0,0,0,1,0.333333333,0,0,0,0,1.333333333,0,0,0,0,0,0,0,0,0,0,0,0,0,0,0,0,0,0,0,1.666666667,0,0,0,0,0,0,0,0,0,0,0,0,0,0,0,0,0,0,0.666666667,0,0,0,0,0,0,0,0,0,0.333333333,12.33333333,0,0,0,0,0,0.666666667,1.333333333,0.666666667,4.333333333,0,2.333333333,0,0,7.333333333,0,0.333333333,0,0,0,0.333333333,0,0,0
0.896860987,0,0,0,0,0,0,0.224215247,0,0.448430493,1.793721973,1.793721973,3.811659193,1.793721973,2.01793722,1.34529148,6.278026906,1.34529148,0.448430493,0,0,0,0,0,0,0,0,0,0,0,1.793721973,0,0,0,0,0,4.260089686,0,1.121076233,0.224215247,1.34529148,1.34529148,1.121076233,0,0,0,0,0,0,0,0,0,0,0.224215247,0,0,0,0,1.569506726,0,0.224215247,0.224215247,0,2.242152466,0.224215247,0,0,0,0,0,0,0.224215247,0,0,0,0.224215247,0.224215247,0,0,0.67264574,0,0.448430493,0,0.224215247,0,0.224215247,0,0.67264574,0,0,0,0,0.224215247,0.67264574,0,1.34529148,1.121076233,0,0,0.67264574,0.224215247,5.605381166,2.01793722,0,0.448430493,3.811659193,0,1.34529148,0,0,0.448430493,2.466367713,0,0,0,0,0.448430493,0.448430493,0,0,0,0,0.896860987,0,0.224215247,0,0,0,0.448430493,0,0,0,0,0,0.448430493,0,0,0,0.224215247,0,0.67264574,0.448430493,0.224215247,0,1.569506726,0,0,0,0,1.569506726,0,0,1.121076233,0,0,0,0,0,0,0,0,0.224215247,0,0,0,0.448430493,1.34529148,1.34529148,0.448430493,0,0,2.914798206,0,0.448430493,1.569506726,0.224215247,0,0,2.242152466,0,0,14.57399103,0,1.121076233,0,0,0,0.224215247,0,0,0
0.563380282,0,0,0,0,3.943661972,1.971830986,0,0,0,0,0,0.845070423,0,0.281690141,0.845070423,0.281690141,0,0.281690141,0.845070423,0,0,0,0,0,0,0,0,0,0,2.253521127,0,0,0,0,0.281690141,1.408450704,0,2.253521127,0.845070423,1.690140845,0,0.281690141,0,0,0,0,0,0,0,0,0,0,0.281690141,0,0,0,0,1.126760563,0,0.563380282,0,0,2.253521127,0,0.281690141,0,0.281690141,0,2.535211268,0,0,0,0,0,0.563380282,0,0,0,0,0.281690141,0,0,0.281690141,0,0,0,0,0,0,0,0,0,0.563380282,0,0,2.816901408,0,0,0,0,11.26760563,0.563380282,0,0,1.971830986,0,1.126760563,0,0,0,6.76056338,0,0,0,0,0.281690141,0,0,0,0,0,0,0,0,0,0,0,0.281690141,0,0.281690141,0,0,0,0,0,0,0,0,0,3.661971831,0,0,0,0,0,0,0,0,0,0,0,0,0,0,0,0,0,0,0,0,0,0,0,0,0,1.690140845,7.042253521,0,0,0,0,2.253521127,2.535211268,1.126760563,1.408450704,0.845070423,9.85915493,2.535211268,0,0,5.070422535,0,0.281690141,0,0,0,0,0,0,0
1.550387597,0,0,0,0,0,0,0,0,0,0,1.550387597,0.775193798,0,3.100775194,0,2.325581395,0,0,0,0,11.62790698,0,0.775193798,0,0,0,0,0,0,0,0,0,0,0,0,0,0,0,0,0,0,6.201550388,0,0,0,0,0,0,0,0,0,0,0,0,0,0,0,0,0,0,0,0,0,0,0,0,0,0,0,0,0.775193798,0,0,0,0,0,0,0,0,0,0,0,0,0,0,0,0,0,0,0,0,0,0,0,0,0,0,0,0,0,3.100775194,0,0,10.85271318,2.325581395,0,0,0,0,0,0,2.325581395,0,0,0,0,0,0,0,0,0,0,0,0,0,0,0,0,0,0,0,0,0,0,0,0,0,0,0,0,0,0,0,0.775193798,0,0,0,0,0,0,0,0,0,1.550387597,0,0,0,0,0,0.775193798,0,0,0.775193798,0,0,6.976744186,13.17829457,1.550387597,0,3.875968992,0,0,0,0,0.775193798,0,2.325581395,0,0,0,0,0,0,0,0,3.875968992,0,0,0,0
0,0,0,0,0,0,0,0,0,0,0.234741784,0,0,0,0,0,0,0,0,0,0,65.02347418,0,15.72769953,0,0,0,0,0,0,0,0,0,0,0,0,0.469483568,0,0,0,0.704225352,0,0,0,0,0,0,0,0,0,0,0,0,0,0,0,0,0,0,0,0,0,0,0,0,0,0,0,0,0,0,0,0,0,0,0,0,0,0,0,0,0,0,0,0,0,0,0,0,0,0,0,0,0,0,0,0,0,0,0,0,1.643192488,0,0,0,0,0,0,0,0,0,0,1.877934272,0,0.938967136,1.408450704,1.17370892,0,0,0,2.582159624,0,0,0,0,0,0,0,0,0,0,0,0,0,0,0,0,0,0,0,0,0,0,0,0,0,0,0,0,0,0,0,0,0,0,0.469483568,0,0,0,0,0,0,0,0,0,0,0.234741784,1.17370892,0.938967136,0,0,0,0,0,0,0,0,0.938967136,0,0,0,0,0,0,0,0,1.17370892,0,0,0,0
0,0,0,0,0,0,0,0,0,0,0,0,0,0,0,0,0,0,0,0,0,71.85185185,0,10.61728395,0,0,0,0,0,0,0,0,0,0,0,0,0,0,0,0,0.740740741,0,0,0,0,0,0,0,0,0,0,0,0,0,0,0,0,0,0,0,0,0,0,0,0,0,0,0,0,0,0,0,0,0,0,0,0,0,0,0,0,0,0,0,0,0,0,0,0,0,0,0,0,0,0,0,0,0,0,0,0,1.234567901,0,0,0,0,0,0,0,0,0,0,1.975308642,0,0,0.740740741,1.234567901,0,0,0,4.197530864,0,0,0,0,0,0,0,0,0,0,0,0,0,0,0,0,0,0,0,0,0,0,0,0,0,0,0,0,0,0,0,0,0,0.24691358,0,0,0,0,0,0,0,0,0,0,0,0,0.24691358,1.975308642,0,0,0,0,0,0,0,0,0.24691358,0,0,0,0,0,0,0,0,3.456790123,0,0,0,0
0,0,0,0,0,0,0,0,0,0,0,0,0,0,0,0,0,0,0,0,0,65.57377049,0,8.852459016,0,0,0,0,0,0,0,0,0,0,0,0,0,0,0,0,2.295081967,0,0,0,0,0,0,0,0,0,0,0,0,0,0,0,0,0,0,0,0,0,0,0,0,0,0,0,0,0,0,0,0,0,0,0,0,0,0,0,0,0,0,0,0,0,0,0,0,0,0,0,0,0,0,0,0,0,0,0,0,0.983606557,0,0,0,0,0,0,0,0,0,0,0.655737705,0,0,0.655737705,0.655737705,0,0,0,8.196721311,0,0,0,0,0,0,0,0,0,0,0,0,0,0,0,0,0,0.655737705,0,0,0,0,0,0.327868852,0,0,0,0,0,0,0,0,0,0.655737705,0,0,0,0.655737705,0,0,0,0,0,0,0,0.983606557,0.983606557,0,0,0,0,0,0,0,0,0,1.31147541,0,0,0,0,0,0,0,0,1.31147541,0,0,0,0
0,0,0,0,0,0,0,0,0,0,0,0,0.598802395,0,0,0,0,0,0,0,0,47.30538922,0,12.5748503,0,0,0,0,0,0.299401198,0,0,0,0,0,0,0,0,0,0,0.299401198,0,0,0,0,0,0,0,0,0,0,0,0,0,0,0,0,0,0.898203593,0,0.299401198,0,0,0,0,0,0,0,0,0,0,0,0,0,0,0,0,0,0,0,0,0,0,0,0,0,0,0,0,0,0,0,0,0,0,0,0,0,0,0,0,2.994011976,0,0,0.299401198,0,0,0,0,0,0,0,1.497005988,0,0,1.19760479,1.796407186,0,0,0,14.67065868,0,0,0,0,0,0,0,0,0.299401198,0,0,0,0,2.395209581,0,0,0,0.598802395,0,0,0,0,0,1.19760479,0,0,0,0,0,0,0,0,0,0,0,0,0,0,0,0,0,0,0,0,0,0,0.898203593,2.395209581,0,0,0,0,0,0,0.299401198,0,0.598802395,0,0,0,0,0,0,0,0,1.19760479,0,0.299401198,0,0
0.54200542,0,0,0,0,0,0.54200542,0,0,0,0,0,0,0,0.27100271,0.54200542,0.81300813,0,0,0.54200542,0,0,0,0,0,0,0,0,0.54200542,0.27100271,0.54200542,0,0,0.27100271,0.27100271,0.54200542,4.33604336,0,0.27100271,3.52303523,1.08401084,0,0,0,0,0.54200542,0,0,0,0,0,0,0,0,2.98102981,0,0,0,1.08401084,0,0.54200542,0,0.27100271,2.7100271,0,0.27100271,0,0.54200542,0,0.54200542,0,0.81300813,0.54200542,0,0,1.89701897,0.27100271,0,0,0.27100271,1.62601626,1.08401084,0,0.54200542,0,0,0,0,0.27100271,0,0,0.27100271,0.27100271,0,0,0,1.08401084,0,0,0.27100271,0,5.420054201,1.35501355,0,0,1.35501355,0,0.54200542,0,0,0.81300813,2.43902439,0,0,0,0,0.81300813,0.27100271,0,0,0,0,1.62601626,0,0,0,0,0,0,0,0,2.43902439,0,0,0.27100271,0.27100271,0,0,0,0,4.06504065,0,0.27100271,0.81300813,1.62601626,0,0,0,0,0.27100271,0,0,0,0,0,0,0,0,0,0,1.08401084,0.27100271,0,0,0,0,0.54200542,3.79403794,0,0,0.27100271,0.27100271,1.62601626,4.87804878,5.962059621,2.16802168,1.08401084,4.60704607,1.89701897,0,0,2.16802168,0.54200542,1.08401084,0,0,0,0.54200542,0.27100271,0.27100271,0
0.279329609,0,0,0,0,0,0.558659218,0.279329609,0,0,0,0.279329609,0.558659218,0,0.279329609,3.910614525,0.837988827,0,0,0.558659218,0,0,0,0,0,0.279329609,0,0,0,0.837988827,0.279329609,0,0.279329609,0.279329609,0,0.279329609,4.748603352,0,0.558659218,5.027932961,1.675977654,0,0,0,0,0,0,0,0,0,0,0,0,0,4.189944134,0,0,0,1.117318436,0,0,0,0,0.837988827,0.279329609,0.279329609,0,1.117318436,0,0.837988827,0.279329609,0,0.558659218,0,0,0.837988827,0,0,0,0,0.279329609,1.955307263,0,0.558659218,0,0.279329609,0,0,0,0,0,0,0.279329609,0.279329609,0,0,0.837988827,0,0,0,0,8.379888268,1.117318436,0,0,0.279329609,0.558659218,0.279329609,0,0,0.279329609,2.234636872,0,0,0,0,0.558659218,0.279329609,0,0,0,0,2.51396648,0,0,0,0,0,0,0,0.837988827,1.117318436,0,0.279329609,0.279329609,0,0,0,0,0,5.865921788,0,0.279329609,0.837988827,1.955307263,0,0,0.279329609,0,0.279329609,0,0,0,0,0,0,0,0,0,0,0.279329609,0.279329609,0,0,0,0,1.396648045,1.675977654,0,0,0.279329609,0.558659218,2.793296089,5.30726257,2.234636872,0.558659218,0.279329609,2.51396648,1.675977654,0,0,1.955307263,0.279329609,0.279329609,1.396648045,1.396648045,0,0.837988827,0,0,0
4.398826979,0,0,0,0,0,0,0,0,0,0,0.293255132,0.586510264,0.586510264,0.586510264,0,0,0,0,0,0,0.586510264,0.879765396,1.759530792,0,0,0,0,0,0.293255132,4.105571848,0.293255132,0,0,0,5.278592375,0.293255132,0,0.293255132,0,2.346041056,0,6.158357771,0,0.293255132,0,0,0,0,0,0,0,0,0,0.879765396,0.586510264,0,0.586510264,0.586510264,0,3.519061584,0,0,0.293255132,0.586510264,0.293255132,0,0,0,0,0,0,0.293255132,0,0,0,0,0,0,0.879765396,0,0,0,0,0,0.879765396,0,0,0,0,0,0,0.293255132,0,0,0,0.293255132,0,0,0,0,7.917888563,0.293255132,0,0.293255132,0.586510264,0,0.879765396,0,0,0,5.865102639,0,0,0,0,0,0,0,0,0.586510264,0,0.293255132,0,0,0,0,0.293255132,0,0,0,0,0,0,0,0,0,2.346041056,0,1.173020528,0,0,0,0,1.173020528,0,0,0,0,0.293255132,0,0,0,0,0,0.293255132,0,0,0,0,0,0.879765396,0,0,0.293255132,0.879765396,0.586510264,3.812316716,1.46627566,0,4.692082111,3.225806452,0,1.173020528,0,2.052785924,2.639296188,0,1.759530792,0,0.586510264,3.812316716,0,0.293255132,0,0,0.293255132,4.105571848,0,0,0
2.98013245,0,0,0,0,0,0,0,0,0,0,0,0,0.662251656,0,0,1.324503311,0,0,0,0,0,0.662251656,0,0,0,0,0,0.331125828,0,0,0,0,0,0,0,0.331125828,2.317880795,0.662251656,0,0.662251656,0,0,0,0,0,0,0,0,0,0,0,0,0,0.331125828,0,0,0,0,0,1.324503311,0,0,3.973509934,0,0,0,0,0,0,0,0,0,0,0,0,0,0,0,0,0,0,0.331125828,0,0.331125828,1.324503311,0,0,0,0,0,0,0,0,0,0,0,0,0,0,0,22.18543046,0,0,0.331125828,1.655629139,0,0,0,0,0,0.331125828,0.331125828,0,0,0,0,0.331125828,0,0,0,0.331125828,0,0,0,0,0,0,0,0,0,0.331125828,0.331125828,0,0,0,0,0.662251656,0,0,0,0,0,0,0,0,0,0,0.662251656,0,0,0,0.331125828,0,0,0,0.662251656,0,0,0,0,0,0,1.324503311,0,0,2.317880795,5.960264901,0,0,0,1.324503311,0,5.298013245,0.662251656,3.311258278,8.940397351,0,2.317880795,0,0,1.324503311,0,0.331125828,0,0,0,0,0,0,0
1.75879397,0,0,0,0,0,0,0,0.502512563,0,0.502512563,0,0.251256281,0,1.005025126,0,1.005025126,0.251256281,0,0,0,0.753768844,3.266331658,9.798994975,0,0,0,0,0,0,0.251256281,0.251256281,0,0,0.502512563,4.020100503,2.010050251,0,0.251256281,0,2.010050251,1.005025126,2.763819095,0,0,0,0,0,0,0,0,0,0,0,1.005025126,0.753768844,0,0,0.502512563,0,3.768844221,0,0,1.005025126,0.502512563,0.251256281,0,0,0,0,0,0,0,0,0,0,0,0,0,0.251256281,0,0,0,0,0,1.256281407,0.251256281,0,0,0,0.502512563,0,0.251256281,0.502512563,0,0.251256281,0,0,0,0,0,7.286432161,0,0,0,1.507537688,0,0,0,0,0,5.27638191,0,0,0,0,0,1.005025126,0.502512563,0,0,0,0,0,0,0,0,0.251256281,0,0,0,0.502512563,0,0,0,0,0,3.266331658,0,0,1.005025126,0,0,0,0.502512563,0,0,0,0,0.502512563,0,0,0.251256281,0,2.261306533,1.507537688,0,0,0,0,0,0.502512563,0,0,0,0.502512563,2.261306533,6.281407035,2.763819095,0,0.251256281,0.502512563,0,1.005025126,0.251256281,1.75879397,0.753768844,0.502512563,2.261306533,0,2.010050251,3.266331658,0,0,0,0,0.753768844,0.251256281,0,0,0.502512563
1.628664495,0,0,0,0,0,0,0,0,0,0,0.325732899,0,0,0.325732899,0,2.280130293,0,0,0,0,0,1.302931596,0,0,0,0,0,0,0,0,0,0,0,0,0,0,4.234527687,0,0,0.325732899,0,0.325732899,0,0,0,0,0,0,0,0,0,0,0,0.325732899,0,0,0,0,0,0.651465798,0,0,4.234527687,0,0,0,0,0.651465798,0,0,0,0,0,0,0,0,0,0,0,0,0,0,0,0,0,0,0,0,0,0,0,0,0.325732899,0,0,0,0,0,0,0,16.93811075,0.325732899,0,0.651465798,0.651465798,0,0,0,0,0,0.325732899,0.977198697,0,0,0,0,1.302931596,0,0,0.651465798,0.651465798,0,0,0,0,0,0,0,0,0,0,0,0,0,0,0,2.605863192,0,0,0,0,0,0,0,0,0,0,0,0,0,0,0,0,0,0,0,0,0,0,0,0,0,0,0,0,0.325732899,10.42345277,0,0,0.325732899,0.651465798,0,2.280130293,0.651465798,2.280130293,3.25732899,0,3.583061889,0,0,3.583061889,0.325732899,0.325732899,0,0,0,0.325732899,0,0,0
2.931596091,0,0,0,0,0,0,0,0,0,0,0,1.628664495,0,0,0,1.954397394,0,0.325732899,0,0,0,0,0,0,0,0,0,0,0.325732899,0,0,0,0,0,0,0.325732899,0,0,0.977198697,6.840390879,0,3.25732899,0,0,0,0,0,0,0,0,0,0,0,0,0,0,0,0.651465798,0,0,0,0,0.977198697,0,0.325732899,0,0,0,0,0,0,0,0,0.651465798,0.325732899,0,0,0,0,0,0.651465798,0,0,0,0.977198697,0,0,0,0,0,0,0,0.325732899,0,0,2.280130293,0,0,0,0,16.61237785,1.302931596,0,0,0.651465798,0,1.302931596,0,0,0.325732899,5.863192182,0,0,0,0,0,0,0,0,0.325732899,0,0.325732899,0,0,0,0,0,0,0,0,0,0,0,0,0,0,0,0,0,9.120521173,0,0,0,0.325732899,0,0,0,0,0.651465798,0,0,0,0,0,0,0,0,0,0,0,0,0,0,0,0,2.280130293,2.280130293,0.651465798,0,0,0,0.651465798,2.280130293,1.954397394,0.651465798,0,4.560260586,1.628664495,0,0,5.537459283,0,0.651465798,0,0,0,0,0,0,0
1.832460733,0,0,0,0,0,0.261780105,0.523560209,0,0,0,0.785340314,1.570680628,0.261780105,0,0,0.785340314,0,1.047120419,0.261780105,0,0,0,0,0,0,0.523560209,0,0,0,0,0,0,0.261780105,0,0.785340314,4.712041885,0,2.356020942,3.141361257,2.356020942,0,1.570680628,0,0,0,0,0,0,0,0,0.261780105,0,0,3.926701571,0,0,0,2.356020942,0,1.308900524,0,0.261780105,0.785340314,0.785340314,0,0,0,0,0.785340314,0,0.261780105,0.261780105,0,0,0.785340314,0,0,0,0,0,1.308900524,0,1.047120419,0,0.785340314,0,0,0,0,0,0,0,0,0,0.523560209,1.570680628,0,0.785340314,0.261780105,0,10.20942408,1.570680628,0,0,1.570680628,0,0,0,0,0,4.45026178,0,0,0,0,0.785340314,0,0,0,0,0,1.570680628,0,0,0,0,0,0.261780105,0,0,0.261780105,0.261780105,0,0.523560209,0,0,0,0,0,2.356020942,0,0.261780105,1.047120419,2.879581152,0,0,0,0,0.523560209,0,0,0,0,0,0,0,0,0,0.261780105,0.523560209,0,0,0,0,0,1.570680628,1.047120419,0.261780105,0,0.523560209,0.261780105,1.047120419,3.664921466,2.094240838,1.308900524,0,2.617801047,1.308900524,0,0,3.926701571,0.261780105,1.047120419,0,2.617801047,0,0.523560209,0,0,0
0,0,0,0,0.27027027,0,0.27027027,0.27027027,0,0,0,0.810810811,2.162162162,0,1.081081081,0.810810811,0.27027027,0,0.27027027,0.810810811,0,0,0,0,0,0,0.27027027,0.27027027,0,0.27027027,0,0,0,1.351351351,0,0,9.189189189,0,1.081081081,5.405405405,1.621621622,0,0,0,0,0.540540541,0,0,0,0.27027027,0,0,0,0,2.972972973,0,0,0,0.540540541,0,0.27027027,0,0.27027027,1.621621622,0,0,0.27027027,0.27027027,0,0.27027027,0,0,0.540540541,0,0,1.891891892,0,0,0,1.351351351,0.810810811,2.432432432,0,1.081081081,0,0.27027027,0,0,0,0,0,0,0.540540541,0,0,0,2.162162162,0,0,0,0,5.675675676,2.702702703,0,0,0.810810811,0,0,0,0,0.810810811,1.351351351,0,0,0,0,1.621621622,0,0,0,0,0,2.432432432,0,0,0,0,0,0.27027027,0,0,1.621621622,0.27027027,0.27027027,0,0,0,0,0,0,2.432432432,0,0.540540541,0.810810811,2.972972973,0,0,0.27027027,0,1.891891892,0,0,0,0,0,0,0,0,0,0,0.27027027,0.27027027,0,0,0,0,0.810810811,0.810810811,0,0,0.540540541,0.27027027,1.621621622,2.702702703,2.162162162,1.081081081,0,3.243243243,0.810810811,0,0,1.621621622,0.810810811,1.351351351,0.810810811,2.432432432,0,1.081081081,0,0,0
0.992555831,0,0,0,0,0,0.248138958,0,0,0,0.248138958,0.248138958,0.992555831,0,0.992555831,1.240694789,1.240694789,0,0,0,0,0,0,0,0,0.248138958,0,0,0,0.744416873,0.248138958,0,0,0,0,0.744416873,6.947890819,0,0.744416873,4.466501241,1.240694789,0,0,0,0,0.744416873,0,0,0,0,0,0,0,0,2.481389578,0,0,0,1.985111663,0,0,0,0,1.240694789,0,0.248138958,0,0,0,0.248138958,0,0,0.744416873,0,0,1.488833747,0.248138958,0,0,1.240694789,0.992555831,1.240694789,0,0.992555831,0,0,0,0,0,0,0,0.496277916,0.496277916,0.248138958,0,0,0.992555831,0,0,0,0,7.692307692,4.466501241,0,0,2.977667494,0,0.744416873,0,0,0.496277916,1.985111663,0,0,0,0,0.992555831,0,0,0,0,0,2.23325062,0,0,0,0,0,0,0,0,1.985111663,0,0.248138958,0,0,0,0,0,0,1.985111663,0,0,0.248138958,2.729528536,0,0,0.248138958,0.248138958,1.488833747,0,0,0,0,0,0,0,0,0,0,0.248138958,0.496277916,0,0,0,0,1.736972705,1.488833747,0,0,1.488833747,0,1.240694789,1.985111663,3.722084367,0.744416873,0,4.962779156,0.744416873,0,0,3.970223325,0.744416873,0.992555831,0.496277916,0.744416873,0,0.248138958,0,0,0
0,0,0,0,0,0,0,0.322580645,0,0,0,0,0.967741935,0,0,0.64516129,0,0,0.322580645,0,0,0,0,0,0,0,0.322580645,0,0.322580645,0.64516129,0,0,0,0,0,0.322580645,2.580645161,0,1.290322581,1.935483871,0.322580645,0,0.322580645,0,0,0,0,0,0,0.322580645,0,0,0,0,0.967741935,0,0,0,2.258064516,0,0,0,0,1.290322581,0.322580645,0.322580645,0,0.322580645,0,0.64516129,0,0,0,0,0,1.612903226,0.322580645,0,0,0,0,0.967741935,0,0.322580645,0,0,0,0,0,0,0,0,0,0,0,0,0,0,0,0,0,10.64516129,0.64516129,0,0,2.903225806,0,0.967741935,0,0,0,0.64516129,0,0,0,0,0.322580645,0,0,0,0,0,0.64516129,0,0,0,0,0,0,0,0,0,0,0,0,0,0,0,0,0,5.161290323,0,0,0.322580645,1.290322581,0,0.322580645,0,0,0,0,0,0,0,0,0,0,0,0,0,0.322580645,0,0.64516129,0,0,0,1.612903226,3.870967742,0,0,0.322580645,0.322580645,2.258064516,7.741935484,3.548387097,0.967741935,1.612903226,4.838709677,4.516129032,0,0,2.903225806,0.322580645,0.322580645,0.322580645,0,0,0.322580645,0,0,0
1.644736842,0,0,0,0,0,0,0,0,0,0,0,0.328947368,0,0,0,0,0,0,0,0,0,0.657894737,0,0,0,0,0,0,0,0,0,0,0,0,0,1.315789474,6.578947368,0,0,0,0,0,0,0,0,0,0,0,0,0,0,0,0,1.315789474,0.657894737,0,0,0,0,0.657894737,0,0,1.973684211,0,0,0,0,0.657894737,0,0,0,0,0.328947368,0,0,0,0,0,0.328947368,0,0,0,0,0,0,0,0,0,0,0,0,0,0.328947368,0,0.986842105,0,0,0,0,0,22.36842105,0.328947368,0,0,1.315789474,0,0.328947368,0,0,0,0,1.973684211,0,0,0,0,0.986842105,0,0,0,0,0,0,0,0,0,0,0,0,0,0,0,0,0,0,0,1.644736842,0,0,0,0,0,0,0,0,0,0,0,0,0,0,0,0,0,0,0.986842105,0,0,0,0,0,0,0,0,0,0,8.552631579,0.328947368,0,0,0.328947368,0,0.657894737,0.657894737,0.986842105,1.973684211,0,1.644736842,0,0,5.263157895,0,0.328947368,0,0,0,0,0,0,0
3.267973856,0,0,0,0,0,0.326797386,0,0,0,0,0.653594771,0.653594771,0,0,0.326797386,0,0,0,0,0,0.980392157,6.209150327,6.862745098,0,0,0,0,0.980392157,0,0.326797386,0,0,0,0,0.326797386,2.287581699,0.653594771,0.980392157,0,0.326797386,0,0,0,0,0,0,0,0,0,0,0,0,0,0.653594771,0,0,0,0,0,5.22875817,0,0.326797386,0.326797386,0,0,0,0,0,0,0,0,0.326797386,0,0,0,0,0,0,0,0,0,0,0,0,0,0,0,0,0,0.326797386,0,0,0,0,0,0,0,0,0,0,5.882352941,0.653594771,0,1.633986928,6.535947712,0,0.326797386,0,0,0,1.307189542,1.633986928,0,0,0.326797386,0.980392157,2.941176471,0,0,0.653594771,0.326797386,0,0,0,0,0,0,0,0,1.960784314,0,0.326797386,0,0,0,0,1.960784314,0,0,0,0,0,0,0,0,0,0,0,0,0,0,0.980392157,0,0.980392157,0,2.287581699,0,0,0,9.477124183,0.326797386,0,0.326797386,0,0,0.653594771,4.248366013,0.653594771,0,0.326797386,1.307189542,0,0,0,1.307189542,0.326797386,0,1.633986928,0,0.326797386,0.326797386,0,0,0,0,0,1.307189542,0,0,0
2.649006623,0,0,0,0,0,0,0.331125828,0,0,0.331125828,0,0.331125828,0.331125828,0.331125828,0,0,0,0,0,0,0.993377483,7.947019868,3.311258278,0,0,0,0,0.331125828,0.993377483,0,0,0,0,0,0,1.655629139,0.331125828,0,0,0,0,0,0,0,0,0,0,0,0,0,0,0,0,0.662251656,0,0,0,1.655629139,0.662251656,5.960264901,0,1.324503311,0,0.331125828,0,0,0,1.324503311,0,0,0,0,0,0,0,0,0,0,0.331125828,0,0,0,0,0,0,0,0,0,0,0,0,0,0.331125828,0,0,0,0,0,0,0,10.92715232,0,0,1.655629139,2.98013245,0,0,0,0,0,0,1.324503311,0,0,0,0,10.59602649,0,0,1.655629139,0.662251656,0,0,0,0,0,0,0,0,0,0.662251656,0.662251656,0,0,0,0,0.331125828,0,0,0,0,0,0,0,0,0,0,0,0,0,0,0,0,0.993377483,0,0,0,0,0,4.304635762,0.993377483,0,0,0,0,0.662251656,2.649006623,0.993377483,0,0,0.331125828,0,0,0,0.662251656,0.662251656,0,0.331125828,0,0,1.655629139,0,0,0,0.331125828,0,0.993377483,0,0,0
1.324503311,0,0,0,0,0,0,0,0,0,0,0,0.331125828,0,0,0,0,0,0,0,0,5.960264901,12.91390728,15.56291391,0,0,0,0,1.655629139,0.662251656,0,0,0,0,0,0,2.98013245,0,0,0,0,0,0.662251656,0,0.662251656,0,0,0,0,0,0,0,0,0,0.331125828,0,0,0,1.324503311,0.993377483,4.635761589,0,0,0,0,0,0,0,0,0,0,0,0.331125828,0,0,0,0,0,0,0,0,0,0,0,0,0,0,0,0,0,0,0,0,0,0,0,0,0,0,0,0,4.966887417,0,0,1.986754967,1.986754967,0,0,0,0,0,0,0.662251656,0,0,0,0,6.291390728,0,0,1.324503311,0,0,0,0,0,0,0,0,0,0,0.662251656,0,0,0,0,0,0,0,0,0,0,0,0,0,0,0,0,0,0,0,0,0,0,1.986754967,0,0,0,0,0,3.973509934,0.331125828,0,0,0,0,2.317880795,3.311258278,1.324503311,0,0,0.331125828,0,0,0,0.662251656,0,0,0.993377483,0,0,0.331125828,0,0,0,0.331125828,0.331125828,1.324503311,0,0,0
1.607717042,0,0,0,0,0,0,0,0,0,0,0,0,0,0,0,0,0,0,0,0,1.286173633,2.893890675,12.86173633,0,0,0,0,4.180064309,1.607717042,0,0,0,0,0,0,3.215434084,0.321543408,0.321543408,0,0,0,0,0,0,0,0,0,0,0,0,0,0,0,0,0,0,0,1.286173633,2.893890675,1.92926045,0,0,0,0.321543408,0,0,0,3.215434084,0,0,0,0.643086817,0,0,0,0,0,0,0,0,0,0,0,0,0,0,0,0,0,0,0,0,0.643086817,0,0,0,0,0,0,0,9.967845659,0,0,0.321543408,3.215434084,0,0,0,0,0,0,0.643086817,0,0,0,0,3.8585209,0,0,0.964630225,0,0,0,0,0,0,0,0,0,0,0.964630225,0.321543408,0,0,0,0,0,0,0,0,0,0,0,0.321543408,0,0,0,0,0,0,0.321543408,0,0,0.643086817,0,0,0,0,0,10.93247588,0.964630225,0,0,0,0,0.964630225,0,0.321543408,0,0,0,0,0,0,0,0.964630225,0,0.643086817,0,0,4.823151125,0,0,0,1.286173633,0.321543408,0.321543408,0,0,0
0,0,0,0,0,0,0,0,0,0,0,0,0.269541779,0,0,0,0,0,0,0,0,1.347708895,0,19.40700809,0,0,0,0,4.312668464,0.269541779,0,0,0,0,0,0,0.808625337,0,0,0,0,0,0,0,0,0,0,0,0,0,0,0.269541779,0,0,0.539083558,0,0,0,2.156334232,0.539083558,1.617250674,0,0,0,0,0,0,0,0,0,0,0,0.269541779,0,0,0,0,0,0,0,0,0,0,0,0,0,0,0,0,0,0,0,0,0,0,0,0,0,0.269541779,0,0,4.582210243,0.269541779,0,0,0.269541779,0,0,0,0.269541779,0.539083558,0,0.539083558,0,0,1.078167116,0.539083558,0,0.539083558,0,11.85983827,0,0.539083558,0,0,0,0,0,0,0,0,0,0,0,0,0,0,0,0,0,0,0,0,0,1.078167116,0,0,0,0,0,0,0,0.269541779,0,2.964959569,0,0,0,0,0,12.66846361,0,0,0,0,0,0.269541779,1.617250674,0.539083558,0,0,0,0,1.347708895,0.539083558,0.808625337,0.808625337,0,0.269541779,0,0,0,0,0,0,0.808625337,1.617250674,1.078167116,11.85983827,0,0
0,0,0,0,0,0,0,0,0,0,0,0.268817204,0.537634409,0,0,0,0,0,0,0,0,0.806451613,0,12.09677419,0,0,0,0,0.806451613,0.268817204,0,0,0,0.268817204,0,2.419354839,2.150537634,0,0,0,0,0,0.268817204,0,0,0,0,0,0,0,0,0,0,0,2.419354839,0,0,0,2.956989247,0.268817204,5.913978495,0,0,0.537634409,0.537634409,0,0,0,0,0,0,0,0.806451613,0,0,0.537634409,0,0,0,0,0.537634409,0,0,0,0,0.537634409,0,0,0,0,0,0,0.537634409,0,0,0.537634409,0,0,1.075268817,0,0,7.52688172,0.806451613,0,0.537634409,4.032258065,0,0.537634409,0,0,0,1.075268817,0,0,0,1.075268817,0.537634409,1.344086022,0.537634409,0,0.537634409,0,1.344086022,0,0,0,0,0,0,0,0,0,0,0,0,0,0,1.612903226,0,0,1.075268817,0,0.537634409,0.537634409,2.688172043,0,0,0,0,1.075268817,0,0,0,0,2.150537634,1.344086022,0,0,0,0,1.88172043,0.268817204,0,0,0,0,2.688172043,4.569892473,1.612903226,0,0.268817204,0.268817204,0,1.075268817,1.88172043,1.075268817,0.537634409,0.806451613,2.419354839,0,0,0.537634409,0,0,0,0,0.268817204,0,4.569892473,0.268817204,0
0.980392157,0,0,0,0,0,0,0,0.326797386,0,0,0.653594771,0.326797386,0,0,0.326797386,0,0,0,0,0,4.575163399,13.39869281,6.535947712,0,0,0,0,2.287581699,0,0.653594771,0,0,0,0,0,0.980392157,0,1.633986928,0,0.653594771,0,0.326797386,0,0,0,0,0,0,0,0,0,0,0,0,0,0,0,0.980392157,1.633986928,4.901960784,0,0,0,0.653594771,0,0,0,0,0,0,0,0,0,0,0,0,0,0,0,0,0,0,0,0,0,0,0,0,0,0,0,0,0,0,0,0,0,0,0,0,6.209150327,0,0,1.633986928,2.941176471,0,0,0,0,0,0,0,0,0,0,0,2.287581699,0,0,0.980392157,0,0,0,0,0,0,0,0,0,0,0.653594771,0.326797386,0,0,0,0,0,0,0,0,0,0,0,0,0,0,0,0,0,0,0,0,0,1.960784314,0,0,0,0,0,5.555555556,0.326797386,0,0,0,0,0.326797386,1.633986928,1.307189542,0,0,0,0,0,0,0,0,0,0,0,0,1.307189542,0,0,0,0.653594771,0.326797386,1.307189542,0,0,0
1.677852349,0,0,0,0,0,0,0,0,0,0,0,0,0,0,0,0,0,0,0,0,1.342281879,9.060402685,2.684563758,0,0,0,0,2.348993289,0.67114094,0,0,0,0,0,0,2.684563758,0.33557047,0,0,0,0,0,0,0,0,0,0,0,0,0,0,0,0,0.33557047,0,0,0,2.348993289,0.67114094,2.684563758,0,0,0,0.33557047,0,0,0,1.677852349,0,0,0,0.33557047,0,0,0,0,0,0,0,0,0,0,0,0,0,0,0,0,0,0,0,0,0,0,0,0,0,0,0,0,11.0738255,0,0,2.013422819,4.697986577,0,0,0,0,0,0,1.006711409,0,0,0,0,6.711409396,0,0,3.355704698,3.691275168,0,0,0,0,0,0,0,0,0,0.33557047,0.33557047,0,0,0,0,0.33557047,0,0,0,0,0,0,0,0,0,0,0,0,0,0,0,0,2.684563758,0,0,0,0,0,7.382550336,0.33557047,0,0.33557047,0,0,0,2.348993289,0,0,0,0,0,0,0,0.33557047,0.33557047,0,0.33557047,0,0,1.006711409,0,0,0,0.33557047,0,0.67114094,0,0,0
4.516129032,0,0,0,0,0,0,0,0,0,0,0,0,0.322580645,0,0,0,0,0,0,0,1.935483871,10.96774194,10.64516129,0,0,0,0,1.290322581,0.322580645,0,0,0,0,0,0.322580645,2.258064516,0,0,0,1.290322581,0,0,0,0,0,0,0,0,0,0,0,0,0,0.64516129,0,0,0,1.612903226,0.322580645,8.387096774,0,0,0,0,0,0,0,1.612903226,0,0,0,0,0,0,0,0,0,0,0,0,0,0,0,0,0,0,0,0,0,0,0,0,0,0,0,0,0,0,0,0,4.838709677,0,0,0.967741935,5.483870968,0,0,0,0,0,0.322580645,0.967741935,0,0,0,0,6.129032258,0,0,1.290322581,1.935483871,0,0,0,0,0,0,0,0.322580645,0,0.64516129,0,0,0,0,0,0,0,0,0,0,0,0,0,0,0,0,0,0,0,0,0,0,4.838709677,0,0,0,0,0,5.806451613,0.967741935,0,0,0,0,0.322580645,3.548387097,0.967741935,0,0.322580645,0,0,0,0,0,0,0,0.64516129,0,0,0.967741935,0,0.322580645,0,1.612903226,0,2.580645161,0,0,0
6.12244898,0,0,0,0,0,0,0,0,0,0,0.340136054,0.340136054,0,0.340136054,0.680272109,0,0,0,0,0,1.360544218,10.88435374,3.06122449,0,0,0,0,0,0,0,0,0,0,0,0,2.721088435,0.680272109,0,0,2.380952381,0,0,0,0,0,0,0,0,0,0,0,0,0,0.340136054,0,0,0,0.340136054,0.340136054,1.700680272,0,0,2.040816327,0.340136054,0,0,0,0.340136054,0,0,0,0.340136054,0,0,0,0,0,0,0.340136054,0,0,0.340136054,0,0,0,0,0,0,0,0,0,0,0.340136054,0,0,0,0,0,0,0,7.142857143,0.680272109,0,2.040816327,4.421768707,0,0,0,0,0,3.06122449,1.020408163,0,0,0,0,2.040816327,0,0,0.680272109,0,0,0,0,0,0,0,0,0,0.680272109,0,0,0,0,0,0,0.680272109,0,0,0,0,0,0,0,0,0,0,0,0,0,0,0.340136054,0,1.700680272,0,4.081632653,0,0,0,1.360544218,0.680272109,0,0,0,0,0.680272109,4.761904762,0,0,0.340136054,0.680272109,0,0,1.020408163,2.040816327,0.340136054,0,1.700680272,0,0,1.020408163,0,0,0,0,0,0,0,0,0
0.348432056,0,0,0,0,0,0,0,0,0,0,0,0.696864111,0,0.348432056,0.696864111,2.43902439,0,0.348432056,0,0,0,0,0.348432056,0,0,0,0,0,0,3.484320557,0,0,0,0,1.045296167,1.045296167,0,2.090592334,0.696864111,3.135888502,0,2.787456446,0,0,0.348432056,0,0,0,0,0,0,0,0,0.348432056,0,0,0,0.348432056,0,0,0,0,0,0.696864111,0,0,0,0,0,0,0.348432056,0.696864111,0,0.348432056,0.696864111,0,0,0,0,0,0,0,0,0,0.348432056,0,0,0,0,0,0,0,0,0,0.348432056,4.529616725,0,0,0,0,10.80139373,0.348432056,0,0,1.393728223,0,0.696864111,0,0,0,5.226480836,0,0,0,0,0,0,0,0,0,0,0.348432056,0,0,0,0,0,0,0,0,0,0.696864111,0,0,0,0,0,0,0,3.832752613,0,0,0,0,0,0,0,0,0,0,0,0,0,0,0,0,0.348432056,0,0,0,0,0,0,0,0,0.696864111,2.787456446,0.348432056,0,0.696864111,6.271777003,2.787456446,5.226480836,0.696864111,3.484320557,1.045296167,1.393728223,0,0,0,2.43902439,0,1.045296167,0,0.348432056,0,0.696864111,0,0,0
5.685618729,0,0,0,0,0,0,0,0,0,0,0,0.668896321,0,0,0,0.334448161,0,0,0,0,0,0.334448161,0,0,0,0,0,0,0,0,0,0,0,0,0,0,7.023411371,0,0,0,0,0,0,0,0,0,0,0,0,0,0,0,0,0.334448161,0.334448161,0,0,0,0,0.668896321,0,0,0.334448161,0.334448161,0.668896321,0,0,0,0,0,0,0,0,0,0,0,0,0,0,0,0,0,0,0,0.334448161,0,0,0,0,0,0,0,0,0,0.334448161,0.334448161,0,0,0,0,25.08361204,0,0,0.334448161,1.003344482,0,0.334448161,0,0,0,0.334448161,1.003344482,0,0,0,0,0.334448161,0,0,0,0,0,0,0,0,0,0,0,0,0,0,0.334448161,0,0,0,0,1.672240803,0,0,0,0,0,0,0,0,0,0,0,0,0,0,0,0,0,0,0,0,0,0,0,0,0,0,0,0,1.003344482,2.341137124,0,0,1.003344482,2.675585284,0,0,0.334448161,3.010033445,6.688963211,0,1.003344482,0,0,4.013377926,0,0,0,0,0,0,0,0,0
5.161290323,0,0,0,0,0,0,0,0,0,0,0.322580645,0.322580645,0.322580645,0.322580645,0,1.290322581,0,0,0,0,0,0,0,0,0,0,0,0,0,0.64516129,0,0,0,0,0.322580645,0.967741935,1.290322581,0.64516129,0,1.290322581,0,0.322580645,0,0,0,0,0,0,0,0,0,0,0,1.612903226,0,0,0.322580645,0,0,0.64516129,0,0,1.612903226,0.322580645,0,0,0,0,0,0,0,0,0,0,0,0,0,0,0.322580645,0,0,0,0,0.322580645,0.322580645,0,0,0,0,0,0,0,0,0,1.935483871,0,0,0,0,0,22.25806452,0,0,0,5.161290323,0,0,0,0,0,0.322580645,0,0,0,0,0,0,0,0,0.322580645,0,0,0,0,0,0,0,0,0,0,0,0,0,0,0,0,1.290322581,0,0,0,0,0,0,0,0,0,0,0,0,0,0,0,0,0,0,0,0.322580645,0,0,0,0,0,0,0,0,0,7.096774194,0.322580645,0,0.64516129,0.967741935,0,0.967741935,0.322580645,1.290322581,8.387096774,0,3.870967742,0,0,3.870967742,0,0.322580645,0,0,0,0,0,0,0
1.946472019,0,0.486618005,0.243309002,0,0,0,0,0,0,0,0.486618005,1.459854015,2.189781022,0.243309002,2.433090024,2.919708029,0.243309002,0,0,0,0,0,0,0,0,0,0,0,0,0.729927007,0,0,0,0,0.243309002,1.216545012,0,0.729927007,0.97323601,1.216545012,0.97323601,2.919708029,0.243309002,0,0,0,0,0,0,0,0,0.243309002,0,0.729927007,0,0,0.729927007,0.243309002,0,0.243309002,0,0,1.216545012,0,0.729927007,0,0.243309002,0,0.486618005,0,0,0.243309002,0,0,0.243309002,0,0.243309002,0,0.243309002,0.486618005,0.243309002,0,0.243309002,0,1.459854015,0,0,0,0,0,0,0.243309002,0.97323601,0,0.729927007,2.189781022,0,0,0,0,9.9756691,0.243309002,0,0,5.352798054,0,1.459854015,0,0,0,11.43552311,0,0.486618005,0,0,0,0,0,0,0,0,1.216545012,0,0.243309002,0,0,0,0,0,0,0.243309002,0.243309002,0,0,0,0,0,0,0,1.216545012,0,0.486618005,0,0,0,0,0,0,0,0,0,0.243309002,0,0,0,0,0,0,0,0,0.243309002,0,0,0,0,0.97323601,3.406326034,0,0,1.703163017,0,0,3.649635036,1.459854015,0.729927007,0.729927007,0.486618005,6.569343066,0.729927007,0,5.109489051,0,0.97323601,0,0.729927007,0,0.486618005,0,0,0
0,0,0.238663484,0,0,0,0.477326969,4.534606205,0,0,0,0.715990453,0.715990453,0.477326969,2.386634845,0,0,0,0,0.238663484,0,0,0,0,0,0,0,0,0,0.238663484,5.966587112,0,0,0,0,0,0.238663484,0,2.14797136,0,2.386634845,0.238663484,1.909307876,0,0,0,0,0,0,0,0,0,0.238663484,0,0.477326969,0,0,0.238663484,0,0,0,0,0.238663484,0.477326969,0,0,0,0,0,1.193317422,0,0,0,0,0,0,0,0,0.238663484,0,0,0,0,0.477326969,0,0.238663484,0,1.431980907,0,0,0,0,0,0.477326969,0,0,10.97852029,0,0,0,0,4.77326969,2.14797136,0,0,2.625298329,0,1.909307876,0,0,0,9.069212411,0,0,0,0,0,0,0,0,0,0,0,0,0,0,0,0,0,0,0,0,0,0,0,0,0,0,0,0,0,0,0,0,0,0,0,0,0,0,0,0,0.238663484,0,0,0,0,0,0,0,0,0,0,0,0,0.238663484,0,3.818615752,0.715990453,0,2.625298329,13.60381862,0.238663484,1.670644391,1.193317422,2.863961814,0,0,5.489260143,0,0,4.057279236,0,0,0,0,0,0,0,0,0
2.162162162,0,1.621621622,0,0,0,1.351351351,3.513513514,0,0,0,0.810810811,2.432432432,0.27027027,0.810810811,0.810810811,0.27027027,0,0.27027027,1.081081081,0,0,0,0,0,0,0,0,0,0,0.27027027,0,0,0,0,0.27027027,1.621621622,0,2.432432432,1.081081081,0.27027027,0.810810811,2.702702703,0.27027027,0,0,0,0,0,0,0,0,0.27027027,0,1.351351351,0,0,1.081081081,2.162162162,0,0,0,0,0.27027027,0,0.27027027,0,0,0,1.081081081,0,0,0,0,0,0,0.27027027,0.540540541,0,0.27027027,0.540540541,0,0,0.540540541,0,0.27027027,0,0,0,0,0,0,0,0.540540541,0,0,5.135135135,0.27027027,0,0,0,7.297297297,0.27027027,0,0,5.135135135,0,1.621621622,0,0,0,6.486486486,0,0.27027027,0,0,0.27027027,0,0,0,0,0,0,0,0,0,0,0,0.27027027,0,0.27027027,0.540540541,0.27027027,0,0.27027027,0,0.27027027,0,0,0.27027027,0.540540541,0,0,0,0,0,0,0,0,0.27027027,0,0,0.27027027,0,0,0,0,0,0,0,0,0.27027027,0.540540541,0,0,0,1.621621622,3.243243243,0,0,1.621621622,0.27027027,0.27027027,2.702702703,0,3.513513514,1.351351351,0.27027027,4.594594595,0.540540541,0,8.108108108,0,1.081081081,0,0.27027027,0,0.540540541,0,0,0
0.518134715,0,0,0,0,0,0,0,0,0,0,0,0.259067358,0,0,0,0.777202073,0,0,0,0,0,0,0,0,0.259067358,0,0,0.518134715,1.295336788,0.518134715,0,0,0,0.259067358,0.518134715,2.849740933,0,2.07253886,2.331606218,0.259067358,0,0,0,0,0,0,0,0,0,0,0,0,0,5.18134715,0,0,0,1.554404145,0.259067358,0,0.259067358,0.777202073,2.331606218,0.518134715,0,0,0.518134715,0,0,0,0,0.259067358,0,0.259067358,2.07253886,0,0,0,0.259067358,0,0.777202073,0,0,0,0,0,0,0,0,0,0,0.259067358,0,0,0.518134715,0,0,0.259067358,0,0,9.067357513,3.626943005,0,0,1.554404145,0,0.777202073,0.518134715,0,0.518134715,2.331606218,0,0,0,0,0.518134715,0,0,0,0,0,1.813471503,0,0,0,0,0,0,0,0,0.777202073,0.518134715,0,0,0,0,0.259067358,0,0,3.886010363,0,0.259067358,0.259067358,0.518134715,0,0,0,0,0.259067358,0,0,0,0,0,0,0,0,0,0,1.554404145,0.518134715,0,0,0,0,3.10880829,2.849740933,0.518134715,0,0,0,3.10880829,5.18134715,1.03626943,2.590673575,3.10880829,1.554404145,2.331606218,0,0,0.777202073,0,0.777202073,0,1.03626943,0,2.331606218,0,0.259067358,0
0,0,0,0,0,0,0,0,0,0,0,0.27100271,0.81300813,0.27100271,0.81300813,0,0.81300813,0,0.27100271,0.27100271,0,0,0,0,0,0,0,0,0,0.27100271,2.16802168,0,0,0,0,3.52303523,3.25203252,0,0.54200542,1.08401084,1.35501355,0,2.43902439,0,0,0.27100271,0,0,0,0,0,0,0,0,2.43902439,0,0,0.27100271,0.27100271,0,0,0,0,0.81300813,0.54200542,0.27100271,0,0,0,0,0,0.27100271,0,0,0,1.35501355,0,0,0,0.27100271,0,0.54200542,0,0.81300813,0,0,0,0,0,0,0,0,0.27100271,0.54200542,0,0.54200542,1.62601626,0,0.27100271,0,0,7.046070461,1.89701897,0,0,4.33604336,0,1.35501355,0,0,1.08401084,4.60704607,0,0,0,0,0,0,0,0,0,0,0.81300813,0,0,0,0,0,0,0,0,0,0,0,0,0,0,0,0,0,4.33604336,0,0.27100271,0,0.54200542,0,0,0,0,0.27100271,0,0,0,0,0,0,0,0.27100271,0,0,0,0,0,0,0,0,2.98102981,4.87804878,0,0,1.08401084,1.89701897,3.52303523,4.33604336,0.81300813,3.25203252,0.81300813,2.7100271,3.25203252,0,0,1.62601626,0,0.54200542,0,1.35501355,0,0.81300813,0,0,0
1.736972705,0,0,0,0,0,0,0,0,0,0.496277916,1.488833747,0.744416873,1.240694789,2.23325062,0,1.985111663,0,0,0,0,0,0.248138958,0.744416873,0,0,0,0,0,0,0.744416873,0,0,0,0,17.617866,0.992555831,0,2.23325062,0,4.962779156,0.248138958,2.729528536,0,0,0,0,0,0,0,0,0,0,0,1.985111663,0.496277916,0,0.496277916,0,0,1.488833747,0,0,0.992555831,1.488833747,0,0,0,0,0,0,0.248138958,0,0,0,0,0,0,0,0.744416873,0,0,0,0,0,0.992555831,0,0.496277916,0,0,0,0,0.248138958,0.496277916,0,0.496277916,0.248138958,0,0,0,0,6.947890819,0.744416873,0,0.248138958,0.992555831,0,1.985111663,0,0,0,7.692307692,0,0,0,0,0,0.248138958,0,0,0,0,0.248138958,0,0,0,0,0,0,0,0,0,0.248138958,0,0,0,0,2.481389578,0,0.496277916,0.992555831,0,0,0.744416873,0.992555831,0,0,0,0,0.496277916,0,0,0,0,0.248138958,0.248138958,0,0,0,0,0,0.248138958,0,0,0,0,1.736972705,3.970223325,2.729528536,0,2.23325062,0.248138958,0,0,0,1.240694789,0.744416873,0,2.977667494,0,0.496277916,3.473945409,0,0,0,0,0,0,0,0,0
0.330033003,0,0,0,0,0,0,0,0,0,0,0,1.650165017,0,0.330033003,0,3.630363036,0,0,0,0,0,0.660066007,0,0,0,0,0,0,0,1.320132013,0,0,0,0,2.310231023,0.330033003,0,0.330033003,0,0.660066007,0.99009901,0,0,0,0,0,0,0,0,0,0,0,0,0,0,0,0,0,0,0,0,0,4.95049505,0,0,0,0,0,0,0,0,0,0,0,0,0,0,0,0,0,0,0,0,0,0.330033003,0.330033003,0.330033003,0,0,0,0,0,0,0,0,0.660066007,0,0,0,0,15.84158416,0,0,0,0.99009901,0,0,0,0,0,5.610561056,0,0,0,0,0,0,0,0,0,0,0,0,0,0,0,0,0.330033003,0,0,0,0,0,0,0,0,2.310231023,0,0,0.99009901,0,0,0,0,0,0,0,0,0,0,0,0,0,0,0,0,0,0,0,0,0,0,0,0,0,3.96039604,11.22112211,0.330033003,0,0,0,0,1.98019802,1.320132013,1.98019802,0,0,10.56105611,0,0,17.16171617,0,0,0,0,0,0,0,0,0
0.238663484,0.477326969,0,0,0,0,0,0,0,0,0.715990453,0.715990453,1.431980907,1.431980907,2.863961814,2.14797136,1.431980907,0.238663484,0,0,0,1.193317422,2.863961814,2.386634845,0,0,0,0,0,0,1.431980907,0,0,0.715990453,0,5.727923628,1.431980907,0,1.193317422,0.954653938,3.579952267,0,3.102625298,0,0,0,0,0,0,0,0.715990453,0,0,0,1.431980907,0.477326969,0,0.238663484,0,0.238663484,3.341288783,0,0.238663484,0.477326969,0.238663484,0,0,0,0,0,0,0,0.238663484,0,0,0.954653938,0.477326969,0.715990453,0,1.193317422,0,0.715990453,0,0.954653938,0,0.477326969,0,0.238663484,0,0,0,0,0.477326969,0,0,1.193317422,1.193317422,0,0,0,0,5.011933174,0.715990453,0,0,1.193317422,0,1.670644391,0,0,0,5.489260143,0,0,0,0,0.477326969,0.477326969,0,0,0.954653938,0,0.238663484,0,0,0,0,0,0,0,0,0,0,0,0,0,0,0.954653938,0,0.238663484,0,0,0,0.477326969,0.715990453,0.238663484,0,0,0.238663484,0.477326969,0,0,0.477326969,0,0.238663484,0.715990453,0,0,0,0,1.193317422,1.909307876,0,0,0,0.238663484,0.954653938,3.818615752,1.431980907,0,2.863961814,2.386634845,0,0.715990453,0,0.715990453,0.238663484,0,1.670644391,0,0.477326969,2.625298329,0,0,0,0,0,1.193317422,0,0,0
0.78125,0,0,0,0,0,0,0,0,0,0,0,0.260416667,0.260416667,0.520833333,0.520833333,1.5625,0,0,0,0,1.5625,3.385416667,10.9375,0,0,0,0,0,0,2.083333333,0,0,0,0,1.041666667,1.5625,0,0,0.260416667,1.041666667,0,3.645833333,0,0.260416667,0,0,0,0,0,0,0,0,0,1.302083333,0.520833333,0,0,0,0.260416667,10.41666667,0,0,0,0.260416667,0,0,0.260416667,0,0,0,0.260416667,0,0,0,0,0,0,0,0,0,0,0,0,0,0,0,0.260416667,0,0,0,0,0.520833333,0.520833333,0,0,0.520833333,0,0,0,0,6.510416667,0.520833333,0,0.260416667,2.34375,0,0.78125,0,0,0,4.427083333,0.260416667,0,0,0.260416667,0.520833333,0.78125,0,0,2.083333333,0,0.520833333,0,0,0,0,0,0,0,0,0.260416667,0,0,0,0,0,2.604166667,0,0,0,0,0,0.78125,1.302083333,0,0,0,0.260416667,0.260416667,0.260416667,0,1.822916667,0,1.822916667,0.520833333,0,0,0,0,0.260416667,1.041666667,0,0,0,0.520833333,0.78125,5.208333333,1.5625,0,0.78125,0.520833333,0,1.5625,0.260416667,3.125,0.520833333,0,3.385416667,0,0,1.5625,0,0.260416667,0,0,0,1.5625,0,0.520833333,0
0.43956044,0,0,0,0,0,0,0,0,0,0.879120879,0,0.879120879,0.43956044,0.21978022,0,0.659340659,0.659340659,0.21978022,0,0,1.538461538,2.637362637,7.692307692,0,0,0,0,0,0,0,0,0,0,0,2.417582418,1.758241758,0,0,0,0.879120879,0.659340659,1.758241758,0,0,0,0.21978022,0,0.43956044,0,0,0.21978022,0.21978022,0,1.318681319,1.538461538,0,0,1.318681319,0.43956044,4.615384615,0,0,0.43956044,0.659340659,0.21978022,0,0,0,0,0,0,1.098901099,0.21978022,0,0.21978022,0,0,0,0,0,0,0,0.43956044,0,0.21978022,0,0,0,0,0,0,0,0,0,0.21978022,0.21978022,0,0,0.21978022,0,6.153846154,0.659340659,0,0,2.857142857,0,0.879120879,0,0,0,3.296703297,0,0.21978022,0,1.318681319,0,3.076923077,0.21978022,0.21978022,0.879120879,0,0.879120879,0.21978022,0,0,0,0,0,0,0,0.659340659,0.21978022,0,0,0,0,3.736263736,0.21978022,0,0,0,0,0.21978022,1.978021978,0,0,0,0.21978022,0.43956044,0.21978022,0,1.538461538,0,1.098901099,1.098901099,0,0.21978022,0,0.21978022,0,0.21978022,0,0,0,0.879120879,4.395604396,5.054945055,1.758241758,0,0.879120879,0.659340659,0,2.197802198,1.318681319,2.197802198,0.21978022,0.21978022,1.758241758,0,0.659340659,1.978021978,0,0,0,0,0.659340659,0.879120879,0,0.21978022,0.43956044
0.265957447,0,0,0,0,0,0.265957447,0.531914894,0,0,0,0.265957447,1.063829787,0,0,0,2.659574468,0,0,0.531914894,0,0,0,0,0,0,0,0,0,0,0.79787234,0,0,0,0,0.531914894,2.127659574,0,2.659574468,0.79787234,2.393617021,0,1.329787234,0,0,0.265957447,0,0,0,0,0,0,0,0,2.127659574,0,0,0,1.063829787,0.531914894,0,0,0.265957447,0.531914894,1.063829787,0,0,0,0,0,0,0,0,0,0,1.595744681,0,0,0,0,0,0.265957447,0,1.063829787,0,0,0,0,0,0,0,0,0.531914894,0,0,0.531914894,2.127659574,0,0,0,0,10.90425532,0.79787234,0,0,3.723404255,0,1.063829787,0,0,0,3.191489362,0,0,0,0,0,0,0,0,0,0,1.329787234,0,0,0,0,0,0,0,0,1.063829787,0.265957447,0,0,0,0,0,0.79787234,0,2.393617021,0,0,0.265957447,0.531914894,0,0,0.265957447,0,0,0,0,0.531914894,0,0,0,0,0,0,0,0.265957447,0.265957447,0,0,0,0,1.861702128,3.723404255,0,0,0.531914894,1.063829787,2.393617021,5.319148936,1.329787234,1.329787234,0.79787234,4.521276596,1.329787234,0,0,3.457446809,0,1.329787234,0,0.79787234,0,0.79787234,0,0,0
0.265251989,0,0,0,0,0,0,0,0,0,0,0,1.326259947,0,0,0,0.265251989,0,0,1.061007958,0,0,0,0,0,0,0.265251989,0,0.265251989,0,0.265251989,0,0.265251989,0,0,1.061007958,3.448275862,0,2.387267905,0.265251989,1.326259947,0,0,0,0,0,0,0,0,0,0,0,0,0,1.856763926,0,0,0,0.530503979,0.265251989,0,0,0.265251989,0.795755968,0.530503979,0,0,0.265251989,0,0.530503979,0,0,0,0,0,0.530503979,0,0,0,0.530503979,0,0.265251989,0,0.265251989,0,0,0,0,0,0,0,0,0,0,0,1.061007958,0,0,0,0.530503979,0,11.67108753,1.061007958,0,0,3.183023873,0,1.061007958,0,0,0.265251989,3.183023873,0,0,0,0,0.530503979,0,0,0,0,0,0.265251989,0,0,0,0,0,0,0,0,0.530503979,0.265251989,0,0,0,0,0,0,0,2.387267905,0,0,0.265251989,0.795755968,0,0,0,0,0,0,0,0,0,0,0,0,0,0,0,1.591511936,0,0,0,0,0,2.122015915,5.305039788,0,0,0,0.530503979,2.652519894,7.957559682,2.652519894,3.183023873,1.061007958,3.448275862,1.856763926,0,0,3.713527851,0,0.795755968,0,0.795755968,0,1.591511936,0.265251989,0,0
2.06185567,0,0,0,0,0,0,0,0,0,0,0,1.030927835,1.030927835,1.718213058,0,3.092783505,0,0,0,0,0,0,0,0,0,0,0,0,0,0,0,0,0,0,0,0.687285223,1.374570447,0,0,3.780068729,0,0,0,0,0,0,0,0,0,0,0,0,0,0,0.343642612,0,0,0.343642612,0,0,0,0,1.030927835,0,0,0,0,0.687285223,0,0,0,0,0,0,0,0,0,0,0.343642612,0,0,1.374570447,0,0,0,0,0,0,0,0.687285223,0,0,1.374570447,0,1.030927835,3.780068729,0,0,0,0,19.58762887,1.718213058,0,1.374570447,1.718213058,0,0.343642612,0,0,0,0.343642612,0.343642612,0,0,0,0,0,0,0,0,0,0,0,0,0,0,0,0,0,0,0,0,0,0,0,0,5.498281787,0,0,0,0,0,0,0,0,0,0,0,0,0,0,0,0,0,0,0,0,0,0,0,0,0,0.343642612,0,0,0.343642612,4.810996564,0,0,1.030927835,2.06185567,0,0,0.343642612,0.343642612,3.780068729,0,3.092783505,0,3.780068729,1.718213058,0,0.343642612,0,0.687285223,0,0,0,0,0
1.661129568,0,0,0,0,0,0,0,0,0,0,0,0,0.332225914,0,0.332225914,2.325581395,0,0,0,0,0,0,0,0,0,0,0,0,0,0,0,0,0,0,0,0,0.664451827,1.661129568,0,0.996677741,0,0.332225914,0,0,0,0,0,0,0,0,0,0,0,0,0,0,0,0,0,1.328903654,0,0,1.993355482,0,0,0,0,0,0,0,0,0,0,0,0,0,0,0,0,0,0,0.664451827,0,0.332225914,0.332225914,0,0,0,0,0,0,0,0.332225914,0,0.996677741,1.661129568,0,0,0,0,22.25913621,0,0,0,3.322259136,0,0.332225914,0,0,0,0.996677741,0.664451827,0,0,0,0,0,0,0,0,0,0,0,0,0,0,0,0,0,0,0,0,0,0,0,0,2.990033223,0,0,0,0,0,0,0,0,0,0,0,0,0,0,0.664451827,0,0,0,0,0,0,0,0,0,0,0,0,0,0,3.986710963,0,0,0.332225914,0,0,1.661129568,0.332225914,1.328903654,4.983388704,0,4.651162791,0,0,8.305647841,0,0.332225914,0,0,0,0,0,0,0
0,0,0,0,0,0,0,0.263852243,0,0,0,1.846965699,2.638522427,1.583113456,0.263852243,0.791556728,5.540897098,0,0,0.263852243,0,0,0,0,0,0,0,0,0,0,13.98416887,0,0,0,0,0,0.527704485,0,0.263852243,0,1.583113456,0,0.527704485,0,0,0,0,0,0,0,0,0,0,0,0,0,0,0.263852243,0,0,0,0,0,1.583113456,0,0,0,0,0,0,0,0,0,0,0,0,0,0,0,0,0,0,0,0,0,1.846965699,0,0,0,0,0,0,0.527704485,0,0,0,18.73350923,0,0,0,0,3.957783641,0,0,0,0.263852243,0,0,0,0,0,10.02638522,0,0,0,0,0,0,0,0,0,0,0,0,0,0,0,0,0,0,0,0,0,0,0,0,0,0,0,0,0,0,0,0,0,0,0,0,0,0,0,0,0.791556728,0,0,0,0,0,0,0,0,0,0,0,0,0,3.430079156,4.749340369,0.791556728,0,0.527704485,0.263852243,0,0,0.263852243,0.527704485,0.263852243,2.374670185,8.707124011,0,0,0.527704485,0,0,0,0,0,0,0,0,0
0,0,0,0,0,0,0,0.235294118,0,0,0,0.470588235,0.705882353,1.176470588,1.882352941,0,4.235294118,0,0,0,0,0,0,0,0,0,0,0,0,0,5.882352941,0,0,0,0,0,0.705882353,0,0.941176471,0.235294118,4.941176471,0,6.823529412,0,0,0,0,0,0,0,0,0,0,0,0.941176471,0,0,0,0,0,0.235294118,0,0,0.235294118,0.941176471,0,0,0,0,0.235294118,0,0,0,0,0,0,0,0,0,0.470588235,0,0.470588235,0,0.235294118,0,0,0,0.941176471,0,0,0,0,0,0.705882353,0,0.235294118,11.52941176,0,0,0,0,4,0.705882353,0,0,0.470588235,0,2.352941176,0,0,0,9.176470588,0,0,0,0,0,0,0,0,0,0,0.470588235,0,0,0,0,0,0,0,0,0,0,0,0,0,0,0,0,0,1.176470588,0,0,0.235294118,0,0,0,0,0,0,0.235294118,0,0.235294118,0,0,0,0,0,0,0,0,0,0,0,0,0,0.470588235,2.352941176,0.235294118,0,4.705882353,14.35294118,0,2.588235294,0,0.705882353,0.235294118,0,1.176470588,0,0,5.411764706,0,0.235294118,0,0,0,0,0,0,0
2.564102564,0,0.284900285,0,0,0,0,0,0,0,0,0,0.284900285,0.854700855,1.13960114,1.13960114,3.988603989,0.284900285,0,0,0,0,0,0,0,0,0,0,0,0.56980057,1.709401709,0,0,0,0,0,0.854700855,0,1.424501425,0.284900285,5.413105413,0.56980057,7.407407407,0,0,0,0,0,0,0,0,0,0,0,1.13960114,0,0,0.284900285,0,0,0,0,0,1.424501425,0,0.284900285,0,0,0,0,0,0,0,0,0,0,0,0.56980057,0,0,0,0.56980057,0,0.284900285,0,0.56980057,0,0.284900285,0,0,0,0,0,0.284900285,0,0.284900285,3.418803419,0,0,0,0,8.547008547,0,0,0,0.284900285,0,0.854700855,0,0,0,11.3960114,0,0.56980057,0,0,0,0,0,0,0,0,0.284900285,0,0.56980057,0,0,0,0,0,0,0,0,0,0,0,0,0,0,0,0.854700855,0,0,0,0.284900285,0,0,0,0.284900285,0,0,0,0.284900285,0,0,0,0,0,0,0,0,0,0,0,0,0,1.13960114,1.424501425,0.56980057,0,5.982905983,2.849002849,0,2.564102564,1.13960114,0.284900285,1.13960114,1.709401709,3.988603989,0.854700855,0,6.267806268,0,0,0,0,0,0.284900285,0,0,0
1.639344262,0,0,0,0,0,0,0,0,0,0,0,0.327868852,0.327868852,0.327868852,0,1.967213115,0,0,0,0,0,0,0.327868852,0,0,0,0,0,0,0,0,0,0,0,0,0,4.590163934,0.327868852,0,0.983606557,0,0,0,0,0,0,0,0,0,0,0,0,0,0,0.327868852,0,0,0,0,0,0,0,3.606557377,0.327868852,0,0,0,0.327868852,0,0,0,0,0,0,0,0,0,0,0,0,0,0.327868852,0,0,0,0,0,0,0,0,0,0,0.327868852,0,0.655737705,0,0,0,0,0,21.96721311,0.327868852,0,0,1.31147541,0,0.327868852,0,0,0,0.655737705,1.639344262,0,0,0,0,0.983606557,0,0,0.327868852,0,0,0,0,0,0,0,0,0,0,0,0,0,0,0,0,1.967213115,0,0,0,0,0,0,0,0,0,0,0,0,0,0,0,0,0,0,0,0.327868852,0,0,0,0,0,0,0,0,1.639344262,9.180327869,0,0,0.327868852,0.327868852,0,3.93442623,0.655737705,0.655737705,4.918032787,0,2.62295082,0,0,4.590163934,0,0,0,0,0,0,0,0,0
0,0,0,0,0,0,0.438596491,5.701754386,0,0,0,0.877192982,1.973684211,0.438596491,5.48245614,1.096491228,1.096491228,0,0,0.438596491,0,0,0,0,0,0,0,0,0,0,1.096491228,0,0,0,0,0.657894737,2.850877193,0,4.166666667,1.096491228,5.701754386,0.219298246,6.578947368,0,0,0,0,0,0,0,0,0,3.289473684,0.219298246,1.535087719,0,0,0,0,0,0.219298246,0.219298246,0,0.657894737,0.219298246,0,0,0,0,1.535087719,0,0.877192982,0,0,0,0,0,0,0,0,0.438596491,0.877192982,0,0.438596491,0,0.438596491,0,0.877192982,0.657894737,0,0,0,0,0,0,0.438596491,5.043859649,0,0,0,0,5.48245614,0.877192982,0,0,1.973684211,0,2.850877193,0,0,0,5.921052632,0,0,0,0,0,0,0,0,0,0,0.219298246,0,0,0,0,0,0,0,0,0,0,0,0,0,0,0,0,0,1.096491228,0,0,0,0,0,0,0,0,0.219298246,0,0,0.657894737,0,0,0,0,0,0,0,0,0,0,0,0,0,0.219298246,3.289473684,0.219298246,0,0.657894737,4.824561404,0,0.438596491,0,1.535087719,0,0,4.605263158,0,0,4.166666667,0.219298246,0.657894737,0,0,0,0,0,0,0
0.228832952,0,0,0,0,0,0,0,0,0,0.457665904,0,0.686498856,1.830663616,2.059496568,0.457665904,4.347826087,0.915331808,0.228832952,0,0,0,0,0,0,0,0,0,0,0.457665904,5.263157895,0,0,0,0,0,3.203661327,0,1.372997712,0.686498856,5.720823799,0.915331808,1.830663616,0,0,0,0,0,0,0.915331808,0,0,0,0,2.745995423,0,0,0.228832952,1.601830664,0.457665904,1.14416476,0.228832952,0.228832952,0.228832952,1.14416476,0.228832952,0,0.228832952,0,0.457665904,0,0,0.228832952,0,0,0.686498856,0,0,0.457665904,0,0,0.457665904,0,1.372997712,0.457665904,0.915331808,0,1.14416476,0.457665904,0.228832952,0.228832952,0,0.228832952,0.228832952,0,0.915331808,5.491990847,0,0,0,0,5.720823799,0.686498856,0,0,2.288329519,0,0.686498856,0,0,0.228832952,2.059496568,0,0,0,0,0,0,0,0,0,0,0.228832952,0,0,0,0,0,0,0,0,0.228832952,0,0,0,0,0,0,0,0,1.14416476,0,0.686498856,0.228832952,1.14416476,0,0,0,0,0,0,0,1.14416476,0,0,0,0,0,0,0,0,0.228832952,0,0,0,0.457665904,0.457665904,2.059496568,0.686498856,0,4.347826087,6.178489703,0,1.14416476,0.915331808,0.915331808,0,0,3.432494279,0,0,4.347826087,0,1.372997712,0,0,0,0.686498856,0,0,0
0,0,0,0,0,0,0,0.298507463,0,0,0,0,0.597014925,2.089552239,1.492537313,0.597014925,4.47761194,0,0,0,0,0,0,0,0,0.597014925,0,0,0,0,7.164179104,0,0,0,0,0,0.895522388,0,1.194029851,0,10.74626866,0.597014925,2.985074627,0,0,0,0,0,0,0,0,0,0,0,0.597014925,0,0,0,0,0,0,0,0,0,0,0,0,0,0,0.298507463,0,0.298507463,0,0,0,0,0,0,0,0.597014925,0,0.597014925,0,0.597014925,0,1.791044776,0,0,0,0,0,0,0,0,0,0,11.04477612,0,0,0,0,8.955223881,0.298507463,0,0,0.895522388,0,2.686567164,0,0,0,7.76119403,0,0.298507463,0,0,0,0,0,0,0,0,0,0,0,0,0,0,0,0,0,0.298507463,0,0,0,0,0,0,0,0,3.28358209,0,0,0,0,0,0,0,0,0,0,0,0,0,0,0,0,0,0,0,0,0,0,0,0,0.298507463,0,1.492537313,0.895522388,0,4.776119403,5.970149254,0,0.895522388,0,1.194029851,0,0,1.791044776,0,0,2.985074627,0,0,0,0,0,0,0,0,0
0.74906367,0,0,0,0,0,0,0,0,0,0,0,0,0,1.498127341,0,1.498127341,0,0,0,0,0,0,0,0,0,0,0,0,0,0,0,0,0,0,0,0,0,0,0,1.872659176,0,0,0,0,0,0,0,0,0,0,0,0,0,0,0,0,0,0,0.374531835,0,0,0,0.374531835,0,0,0,0,0,0,0,0,0,0,0,0,0,0,0,0.374531835,0,0,0,0,0,0,0,0,0,0,0,0,0,0.74906367,0,0.74906367,1.872659176,0,0,0,0,21.72284644,0,0,0.374531835,3.370786517,0,0,0,0,0,3.370786517,0,0,0,0,0,0,0,0,0,0,0,0,0,0,0,0,0,0,0,0,0,0,0,0,0,5.992509363,0,0,0,0,0,0,0,0,0,0,0,0,0,0,0,0,0,0,0,0,0,0,0,0,0,0,0,0,0,7.865168539,0.374531835,0,0.74906367,0.74906367,0,0.374531835,0,1.872659176,2.247191011,0,4.119850187,0,2.247191011,6.741573034,0,0,0,0,0,0,0,0,0
0.974025974,0,0,0,0,0,0,0,0,0,0,0,0.649350649,0.974025974,2.597402597,0,3.571428571,0,0,0,0,0,0,0,0,0,0,0,0,0,0,0,0,0,0,0,0.324675325,0.649350649,0,0,3.246753247,0,0,0,0,0,0,0,0,0,0,0,0,0,0,0,0,0,0,0,0.649350649,0,0,1.298701299,0,0,0,0,0,0,0,0,0.324675325,0,0,0,0,0,0,0.324675325,0,0,0.324675325,0,0,0,0,0,0,0,0.324675325,0,0,2.272727273,0,1.623376623,0,0,0,0,0,19.15584416,0.974025974,0,1.298701299,0.324675325,0,1.623376623,0,0,0,2.922077922,0,0,0,0,0,0,0,0,0,0.324675325,0,0,0,0,0,0,0,0,0,0,0,0,0,0,0,6.168831169,0,0,0,0,0,0,0,0,0,0,0,0,0,0,0,0,0,0,0,0,0,0,0,0,0,0,0.324675325,0,0,5.519480519,0,0,0.324675325,1.948051948,0,3.571428571,0,1.298701299,4.87012987,0,5.194805195,0,1.623376623,4.220779221,0,0.649350649,0,0,0,0,0,0,0
1.298701299,0,0,0,0,0,0,0,0,0,0,0,0.649350649,0.324675325,0.324675325,0,1.948051948,0,0,0,0,0,0,0,0,0,0,0,0,0,0,0,0,0,0,0,0.324675325,1.948051948,2.272727273,0,0,0,0,0,0,0,0,0,0,0,0,0,0,0,0.649350649,0.324675325,0,1.298701299,0,0,1.298701299,0,0.324675325,1.948051948,0,0,0,0,0.324675325,0,0,0,0,0,0,0,0,0,0,0.324675325,0.324675325,0,0.974025974,0,0,0,0,0,0,0,0,0,0,0,0,0.974025974,0.324675325,0,0,0,0,20.45454545,1.298701299,0,0.649350649,3.246753247,0,0,0,0,0,0.649350649,0.324675325,0,0,0,0,0,0,0,0,0,0,0,0,0,0,0,0,0,0,0,0,0,0,0,0,1.298701299,0,0,0,0,0,0,0,0,0,0,0.324675325,0,0,0,0.649350649,0,0,0,0,0,0,0,0,0.649350649,0,0.324675325,0,0,0.324675325,3.246753247,0,0,0,0.324675325,0,3.571428571,0.649350649,3.246753247,8.766233766,0,1.623376623,0,0.649350649,5.194805195,0,0.974025974,0,0.324675325,0,1.298701299,0,0,0
0.318471338,0,0,0,0,0,2.229299363,7.006369427,0,0,0,0.318471338,0.636942675,0,0,0.318471338,0,0,0,0,0,0,0,0.318471338,0,0,0,0,0,0,2.547770701,0,0,0,0,0.318471338,0.318471338,0,2.229299363,0.318471338,1.592356688,0,1.910828025,0,0,0,0,0,0,0,0,0,0,0,0.318471338,0,0,0,0,0,0,0,1.27388535,3.821656051,0.318471338,0,0,0,0,1.592356688,0,0.318471338,0.636942675,0,0,0.955414013,0,0,0,0,0,0,0,0.636942675,0,0,0,0,0,0,0,0.318471338,0,0,0,0,2.866242038,0,0,0,0,9.23566879,0,0,0,0.318471338,0,1.27388535,0,0,0,3.503184713,0,0,0,0,0,0,0,0,0,0,0.318471338,0,0,0,0,0,0,0,0,0,0,0,0,0,0,0,0,0,1.592356688,0,0,0,0.318471338,0,0,0,0,0,0,0,0,0,0,0.318471338,0,0.318471338,0,0,0.318471338,0,0,0,0,0,1.910828025,5.095541401,0.318471338,0,1.27388535,1.910828025,2.547770701,3.184713376,0.955414013,2.547770701,4.458598726,2.866242038,3.821656051,0,0,5.414012739,0,0.636942675,0.636942675,0,0,0.318471338,0,0,0
0.352112676,0,0,0,0,0,2.464788732,2.112676056,0,0,0,0,0.352112676,0,0.352112676,0,0,0,0,0,0,0,0,0,0,0,0,0,0,0.352112676,0.704225352,0,0,0,0,0.352112676,0,0,1.408450704,0,0.704225352,0,0.704225352,0,0,0,0,0,0,0,0,0,0,0,0.352112676,0,0,0,0.704225352,0,0,0,0,1.056338028,0.352112676,0,0,0,0,0.352112676,0,0,0,0,0,0.704225352,0,0,0,0,0,0,0,0,0,0.352112676,0,0,0,0,0,0,0,0,0,0,1.056338028,0,0,0,0,15.49295775,0.704225352,0,0,3.873239437,0,2.816901408,0,0,0,5.281690141,0,0.352112676,0,0,0,0,0,0,0,0,0,0,0,0,0,0,0,0,0.352112676,0,0,0,0,0,0.352112676,0,0,0,4.577464789,0,0,0,0,0,0,0,0,0,0,0,0,0,0,0,0,0,0,0,0,0.352112676,0,0,0,0,4.225352113,9.507042254,0.704225352,0,0.704225352,1.056338028,2.816901408,3.873239437,0,2.816901408,1.408450704,3.521126761,1.056338028,0,0,3.169014085,0,0,0,0,0,0,0,0,0
1.133144476,0,0,0,0,0,1.699716714,4.249291785,0,0,0,0.283286119,0.566572238,0,0.849858357,0.849858357,0,0,0,0.283286119,0,0,0,0,0,0,0,0,0,0.283286119,2.549575071,0,0,0,0,0.566572238,0.566572238,0,1.699716714,0.283286119,1.699716714,0,1.983002833,0,0,0.566572238,0,0,0,0,0,0,0,0,0.849858357,0,0,0,0.566572238,0,0,0,0,0,0,0,0,0,0,1.416430595,0,0.283286119,0,0,0,0,0.566572238,0,0,0,0,0,0,0,0,0.283286119,0,0,0,0,0,0,0,0,0,0.283286119,6.232294618,0,0,0,0,14.16430595,0.566572238,0,0,4.249291785,0,1.699716714,0,0,0,6.515580737,0,0,0,0,0,0,0,0,0,0,0,0,0,0,0,0,0,0,0.283286119,0,0,0,0,0,0.283286119,0,0,0,1.983002833,0,0,0,0,0,0,0,0,0,0,0,0,0,0,0,0,0,0,0,0.283286119,0,0,0,0,0,3.682719547,5.949008499,0,0,1.133144476,2.266288952,1.416430595,0.566572238,0,1.983002833,0.566572238,2.549575071,0.849858357,0,0,5.099150142,0,0.283286119,0,0,0,0,0,0,0
1.302931596,0,0,0,0,0,0,0,0,0,0,0.651465798,1.954397394,1.628664495,0,0,0,0,0,0,0,0,0.325732899,0.651465798,0,0,0,0,0,0,0,0,0,0,0,0.325732899,0.651465798,0.977198697,0,0,3.908794788,0,0,0,0,0,0,0,0,0,0,0,0,0,0,1.628664495,0,0.325732899,0,0,0.325732899,0,0,2.931596091,0.325732899,0,0,0,0.325732899,0,0,0,0,0.325732899,0,0,0,0,0,0,0,0,0,0,0,1.954397394,0,0,0,0,0.325732899,0,0,0,0,0.651465798,0.325732899,0,0,0,0,24.42996743,0.325732899,0,0.325732899,0.977198697,0,0,0,0,0,0.651465798,0.325732899,0,0,1.302931596,0,0.325732899,0,0,0,0,0,0,0,0,0,0,0,0,0,0,0,0,0,0,0,2.605863192,0,0,0,0,0,0,0,0,0,0,0,0,0,0,0,0,0.325732899,0,0.651465798,0,0,0,0,0,0,0,0.325732899,0,1.954397394,13.68078176,0.977198697,0,0.325732899,0.977198697,0,0,0,0.325732899,1.628664495,0,0.651465798,0,0,1.954397394,0,0,0,0,0,0,0,0,0
0,0,0,0,0,0,0,0,1.88172043,0,0.537634409,0,0.268817204,0,0,0,0,0,0,0,0,2.688172043,0,42.74193548,0,0,0,0,0,0.806451613,0,0,0,0,0,0,0.537634409,0,0.268817204,0,0.537634409,0,0,0,0,0,0,0,0,0,0,0,0,0,0.537634409,0.268817204,0.268817204,0,8.602150538,0,4.301075269,0,0.268817204,0,0.268817204,0,0,0.268817204,0,0,0,0,0.537634409,0.268817204,0,0,0,0,0,0,0,0,0,0,0.268817204,0,0,0,0,0,0,0,0.268817204,0,0,0,0,0,0,0,0,2.956989247,0,0.268817204,0.268817204,1.075268817,0,0,0,0,0.268817204,0,1.344086022,0,0,0.806451613,1.612903226,0,0,0,1.075268817,0,0,0,0,0,0,0,0,0,0,0.268817204,0.537634409,0,0,0,0,0.537634409,0.268817204,0,0,0,0.268817204,0.268817204,1.344086022,0,0,0,0,0,0,0,0.806451613,0,3.225806452,0,0,0,0,0.537634409,0.537634409,0,0,0,0,0,0.806451613,1.075268817,0.537634409,0,0,0,0,0.537634409,0.268817204,1.88172043,0,0.537634409,0,0,0,0,0,0,0,0.537634409,2.956989247,0.806451613,1.344086022,0.268817204,0
2.006688963,0,0,0,0,0,0,0,0,0,0,1.003344482,1.672240803,1.672240803,2.006688963,0.334448161,5.016722408,0,0,0,0.668896321,0,0,0.334448161,0,0,0,0,0,0,1.337792642,0,0,0,0,3.344481605,1.003344482,0,0.334448161,0,0.668896321,0,4.347826087,0,0,0,0,0,0,0,0,0,0,0,1.672240803,1.003344482,0,0,0,1.003344482,0,0,0,1.337792642,0.334448161,0,0,0,0,0,0,0,0,0,0,0,0,0,0.334448161,0,0,0,0,1.003344482,0,1.003344482,0,0,0.334448161,0,0,0,0,0.668896321,0,0.668896321,1.003344482,0,0,0.334448161,0,8.026755853,0,0,0,0,0,0.334448161,0,0,0,5.351170569,0,0.334448161,0,0,0,0.668896321,0,0,0,0,0,0,0,0,0,0,0,0,0,0,0,0,0,0,0,0.334448161,0,0,4.013377926,0,0,0,0,0,0,0,0,0.334448161,0,0,0.668896321,0,0,0,0,0.334448161,0,0,0,0,0,0,0,0,4.013377926,8.361204013,3.010033445,0,1.337792642,0,0,2.675585284,1.003344482,1.337792642,2.675585284,0.668896321,4.682274247,0,0.668896321,3.678929766,0,0,0,0,0,0,0,0,0
1.960784314,0,0,0,0,0,0,0,0,0,0,0.840336134,2.521008403,1.400560224,2.240896359,1.120448179,3.361344538,0,0,0,0.280112045,0.280112045,0,0,0,0,0,0,0,0,0.56022409,0,0,0,1.400560224,8.403361345,1.400560224,0,0,0.280112045,0.840336134,0,0.840336134,0,0,0,0,0,0,0,0,0,0,0,0.840336134,0,0,0,0,0,1.120448179,0,0,2.240896359,0.280112045,0,0,0,0,0,0,0.56022409,0,0,0,0.56022409,0,0,0,0,0,0,0,0,0.280112045,1.680672269,0,0,0,0,0,0,0,0,0,0.56022409,1.120448179,0,0,0,0,11.20448179,0,0,1.120448179,0.840336134,0,0.840336134,0,0,0,4.201680672,0,0,0,0,0,0.840336134,0,0,0,0,0.840336134,0,0,0,0,0,0,0,0,0.280112045,0.280112045,0,0,0,0,1.400560224,0,0,0.840336134,0,0,0.56022409,0.56022409,0,0,0,0,0.280112045,0,0,0.280112045,0,0,0,0,0,0,0.280112045,0.280112045,0,0,0,0,0,3.921568627,12.04481793,1.680672269,0,3.081232493,0,0,0.56022409,0,1.960784314,0,1.400560224,5.602240896,0,0,2.240896359,0,0.280112045,0,0,0,0,0,0,0.280112045
0.795755968,0,0,0,0,0,0,0.265251989,0,0,0,0,0.530503979,0,1.856763926,0,0.530503979,0,0,1.061007958,0,0,0,0,0,0,0,0,0,0,0,0,0,0,0,0.530503979,2.652519894,0,1.856763926,0.795755968,0.795755968,0,1.326259947,0,0,0,0,0,0,0,0,0,0,0,3.183023873,0,0,0.265251989,1.061007958,0,0,0,0.265251989,1.326259947,0,0.265251989,0,0,0,1.061007958,0,0,0.530503979,0,0.530503979,1.591511936,0,0,0,0,0,0.265251989,0,1.591511936,0,0,0,0,0,0,0,0,0,0,0,0,1.326259947,0,0,0,0,8.75331565,1.591511936,0,0,2.387267905,0,0,0,0,0.265251989,2.917771883,0,0,0,0,0,0,0,0,0,0,0.795755968,0,0,0,0,0,0,0,0,0.265251989,0,0,0,0,0,0,0,0,3.183023873,0,0.265251989,0,0.265251989,0,0,0,0,0.265251989,0,0,0,0,0,0,0,0,0,0,0.265251989,0.265251989,0,0,0,0,2.122015915,6.631299735,0,0,0,0,4.50928382,10.34482759,3.183023873,1.856763926,0.530503979,4.50928382,0,0,0,3.183023873,0.795755968,1.061007958,0,0.265251989,0,0.530503979,0,0,0
0,0,0,0,0,0,0,5.568445476,0,0,0,0.696055684,0.928074246,0.464037123,3.016241299,0.464037123,1.62412993,0,0,0,0,0,0,0,0,0,0,0,0,0,2.784222738,0,0,0,0,0.464037123,1.392111369,0,1.856148492,0.232018561,3.248259861,0.232018561,3.712296984,0,0,0,0,0,0,0,0,0,0,0,0,0,0,0.232018561,0.464037123,0,0,0,0,0.232018561,0.464037123,0.232018561,0,0,0,3.016241299,0,0.696055684,0,0,0,0.464037123,0,0,0,0,0.232018561,0,0,0.696055684,0,0.232018561,0,1.392111369,0.696055684,0.232018561,0,0,0,0,0,0.464037123,9.512761021,0,0,0,0,8.584686775,0.696055684,0,0,2.320185615,0.232018561,3.248259861,0,0,0,7.656612529,0,0,0,0,0,0,0,0,0,0,0,0,0,0,0,0,0,0,0,0,0,0,0,0,0,0.232018561,0,0.232018561,2.320185615,0,0,0,0,0,0,0,0,0,0.232018561,0,0.464037123,0,0,0,0,0,0,0,0,0.232018561,0.696055684,0,0,0.232018561,0,3.480278422,0.232018561,0,0.928074246,5.800464037,0,0,0,2.552204176,0,0,6.728538283,0,0,3.248259861,0,0.696055684,0,0,0,0,0,0,0
0,0,0,0,0,0,0,3.18627451,0,0.245098039,0,1.225490196,0,1.225490196,2.696078431,0,2.205882353,0,0,0.245098039,0,0,0,0,0,0,0,0,0,0,2.205882353,0,0,0,0,0,0.735294118,0,3.921568627,1.960784314,4.901960784,0.245098039,1.470588235,0,0,0,0,0,0,0,0,0,1.960784314,0,1.225490196,0.245098039,0,0,0.245098039,0,0.245098039,0,0,0,0.980392157,0.245098039,0,0,0,1.715686275,0,0.980392157,0,0,0,0.490196078,0.245098039,0,0,0,0,0,0,0.245098039,0,0.490196078,0,0.980392157,0,0,0,0,0,1.225490196,0,0.245098039,9.803921569,0,0,0,0,8.578431373,0.735294118,0,0,0.735294118,0,3.18627451,0,0,0,8.823529412,0,0,0,0,0,0,0,0,0,0,0.490196078,0,0,0,0,0,0,0,0,0,0,0,0,0,0,0,0,0,2.205882353,0,0,0,0.245098039,0,0,0,0,0.245098039,0.245098039,0,0,0,0,0,0,0,0,0,0,0,0.245098039,0,0,0.245098039,0,2.450980392,0.245098039,0,3.431372549,3.921568627,0.490196078,1.225490196,0,0,0,0,4.656862745,0,0,4.656862745,0.245098039,0.245098039,0,0,0,0.490196078,0,0,0
2.122641509,0,0.235849057,0,0,0,0.943396226,1.886792453,0,0,0,0.235849057,1.650943396,2.122641509,2.594339623,0.70754717,2.122641509,0,0,0.235849057,0,0,0,0,0,0,0,0,0,0,3.301886792,0,0,0,0,0,0.943396226,0,2.830188679,0.235849057,2.594339623,0.471698113,3.301886792,0,0,0,0,0,0,0,0,0,0,0.943396226,0.70754717,0,0,0,0,0,0,0,0,0.471698113,0.235849057,0,0,0,0,0.943396226,0,0,0,0,0,0.235849057,0.235849057,0,0,0,0,0,0,0.471698113,0,0,0,0.471698113,0,0,0,0,0,0.70754717,0,0,11.79245283,0,0,0,0,7.547169811,0.943396226,0,0,4.009433962,0,1.650943396,0,0,0,7.311320755,0,0,0,0,0,0,0,0,0,0,0.471698113,0,0,0,0,0,0,0,0,0,0.235849057,0,0,0,0,0,0,0.471698113,0.70754717,0,0,0,0.235849057,0,0,0,0,0,0.235849057,0,0,0,0,0,0,0,0,0,0,0,0,0,0,0,0.235849057,2.122641509,0.235849057,0,4.009433962,4.952830189,0,0.471698113,0.70754717,3.773584906,0,0,5.188679245,0,0,5.424528302,0,0,0,0,0,0,0,0,0
0,0,0,0,0,0,0,0.534759358,0,0,0.267379679,0,0.267379679,0,0,0.267379679,0.267379679,0,0,1.069518717,0,0,0,0,0,0,0.534759358,0,0.267379679,1.069518717,0.267379679,0,0,1.069518717,0,0,4.545454545,0,0.534759358,0.534759358,0,0,0,0,0,0,0,0,0,0,0,0.802139037,0,0,5.882352941,0,0,0,0.534759358,0.267379679,0.267379679,0,0,0.802139037,0.267379679,0,0,0.802139037,0,0.534759358,0,0,0.802139037,0,0,0,0,0,0,0,0,0.267379679,0,0,0,0,0,0,0,0,0,0,0,0,0,0,0.534759358,0,0,0,0,7.754010695,4.545454545,0,0,0.534759358,0,0.267379679,0,0,0.802139037,1.604278075,0,0,0,0.534759358,1.604278075,0.267379679,0,0,0,0,1.336898396,0,0,0.534759358,0,0,0.267379679,0,0,0.534759358,0.267379679,0,0,0,0,0,0,0,2.673796791,0,0.267379679,0,1.069518717,0,0,0,0,0.267379679,0,0,0,0,0,0,0,0.267379679,0,0,1.871657754,0,1.069518717,0,0,0,2.406417112,4.010695187,0.267379679,0,0,0.267379679,3.20855615,8.288770053,4.010695187,2.941176471,0.802139037,2.406417112,1.336898396,0,0,0.534759358,0.534759358,0.267379679,0,0.802139037,0,0.802139037,0,0,0
0,0,0,0,0,0,0,0.261096606,0,0,0,0.261096606,0.783289817,0,0,0.783289817,2.349869452,0,0,0,0,0,0,0,0,0,0,0,0,0,0.261096606,0,0,0,0,2.088772846,1.82767624,0,1.305483029,1.82767624,1.044386423,0,1.82767624,0,0,0.522193211,0,0,0,0,0,0,0,0,1.82767624,0,0,0,0.261096606,0,0,0,0.522193211,0.522193211,1.044386423,0,0,0,0,0,0,0,0,0.261096606,0.261096606,1.82767624,0,0,0,0.261096606,0,0.522193211,0,0.522193211,0,0,0,0,0,0,0,0,0.261096606,0.522193211,0,0.261096606,2.610966057,0,0.261096606,0,0,9.660574413,0.261096606,0,0,6.005221932,0,1.044386423,0,0,0.522193211,5.221932115,0,0,0,0,0.261096606,0,0,0,0,0,1.044386423,0,0,0,0,0,0,0,0,0,0,0,0,0,0,0,0,0,3.133159269,0,0,0,0.522193211,0,0,0,0.261096606,0,0,0,0,0,0,0,0,0.522193211,0,0,0.261096606,0,0,0,0,0,2.872062663,4.177545692,0.522193211,0,0,2.610966057,3.916449086,4.438642298,3.133159269,3.65535248,1.82767624,3.394255875,1.82767624,0,0,1.82767624,0.261096606,0.522193211,0,0.783289817,0,0.783289817,0,0,0
2.506963788,0,0,0,0,0,0,0,0,0,0,0.278551532,0.278551532,0,1.39275766,0.278551532,0,0,0,0,0,0,0.557103064,1.949860724,0,0,0,0,0,0,1.39275766,0.278551532,0,0,0,18.66295265,0.557103064,0,0.557103064,0.557103064,1.39275766,0.835654596,3.621169916,0,0,0,0,0,0,0.278551532,0,0,0,0,2.228412256,0,0,0.557103064,0,0.557103064,0,0,0,0.278551532,0.557103064,0,0,0,0,0,0,0,0,0,0,0,0,0.278551532,0,0,0,0,0,0.278551532,0,2.228412256,0,0.278551532,0,0,0,0,0.278551532,0,0,0.557103064,1.114206128,0,0,0,0,5.849582173,0.278551532,0,0,1.39275766,0,0.557103064,0,0,0,5.013927577,0,0.278551532,0,0,0,0.278551532,0,0,0,0,0,0,0,0,0,0,0,0,0,0,0,0,0,0,0,2.78551532,0,0.278551532,0,0,0,0,0.557103064,0,0,0,0,0,0,0,0,0,0,0,0,0,0,0,0,0.557103064,0,0,0,0.557103064,2.506963788,5.571030641,0.278551532,0,2.506963788,0.835654596,0,1.39275766,0.557103064,3.064066852,0.557103064,1.671309192,7.242339833,0,0.278551532,2.506963788,0,0,0,0,0.278551532,1.39275766,0,0,0.557103064
0.431034483,0,0,0,0,0,0,0.431034483,0,0.215517241,0,1.077586207,1.50862069,2.801724138,0.215517241,4.310344828,9.482758621,0.646551724,0.215517241,0,0,0,0,0,0,0,0,0,0,0,1.077586207,0,0,0,0,0.215517241,2.586206897,0,1.293103448,1.077586207,4.310344828,1.077586207,0.431034483,0,0,0,0,0,0,0,0,0,0,0,0.215517241,0.215517241,0,0.431034483,1.077586207,0,0.431034483,0,0,2.801724138,0,0,0,0,0,0.646551724,0,0,0,0,0,0.215517241,0,0,0.215517241,0.215517241,0,0.431034483,0,0,0,0.215517241,0,1.077586207,0,0,0.215517241,0,0.215517241,0.215517241,0,1.077586207,2.586206897,0,0,0.215517241,0,7.974137931,1.077586207,0,0,0.215517241,0,0.862068966,0,0,0,4.525862069,0,0,0,0,0,0,0,0,0,0,0.431034483,0,0,0,0,0,0,0,0,0.431034483,0,0,0,0,0,0,0,0.215517241,1.077586207,0,0,0,0.215517241,0,0,0.215517241,0,0,0,0,0.862068966,0,0,0,0,0,0,0,0,0.215517241,0,0,0,0.215517241,0.431034483,3.879310345,0.431034483,0,0.215517241,3.017241379,0,1.293103448,1.939655172,0.431034483,0.215517241,0,3.448275862,0,0,15.0862069,0,1.724137931,0,0,0,0,0,0,0
5.602240896,0,0.56022409,0,0,0,0,0.280112045,0.280112045,0,0.56022409,0.56022409,0.56022409,0.56022409,0.56022409,0.840336134,1.120448179,0,0,0,0,0,0,0,0,0,0,0,0,0,2.240896359,0,0,0,0,0,3.921568627,0,0.840336134,0.840336134,0.56022409,0.280112045,8.403361345,0,0,0.840336134,0,0,0,0,0,0,0,0,1.120448179,0,0,0.280112045,0,0.280112045,0,0.280112045,0,1.120448179,1.120448179,0.280112045,0,0,0,0.280112045,0,0,0.56022409,0,0,0.280112045,0.280112045,0.280112045,0,0.56022409,0,0.280112045,0,0.280112045,0,1.120448179,0,0.56022409,0,0,0,0,0.280112045,0.280112045,0.280112045,2.521008403,1.960784314,0,0,0.280112045,0,7.56302521,0,0,0,0.56022409,0,1.120448179,0,0,0,7.282913165,0,0,0,0,0,0,0.280112045,0,0,0,0,0,0,0,0,0.280112045,0,0,0,0,0,0,0,0,0,0,0,0,0,0,0,0,0,0,0,0,0,0,0,0,0.280112045,0,0,0,0,0,0,0,0,0.280112045,0,0,0,0.56022409,0.840336134,8.683473389,0.280112045,0.280112045,3.641456583,0.840336134,0,0.56022409,0.280112045,1.680672269,0.280112045,0.280112045,4.201680672,0,0,9.803921569,0,0.840336134,0,0,0,0,0,0,0
0.498753117,0,0,0,0,0,0.748129676,1.496259352,0,0,0,0.249376559,1.246882793,0,0.748129676,0.997506234,0.748129676,0,0.249376559,0.748129676,0,0,0,0,0,0,0,0,0.249376559,0,0,0,0,0,0,0.249376559,3.990024938,0,1.496259352,2.493765586,1.246882793,0,1.496259352,0,0,0.249376559,0,0,0,0,0,0,0,0.249376559,3.49127182,0,0,0,1.496259352,0,0.249376559,0.249376559,0,0.997506234,0.748129676,0,0,0.249376559,0,0.498753117,0.249376559,0,0.748129676,0.249376559,0.748129676,2.244389027,0.249376559,0,0,0,0,1.74563591,0,0.249376559,0,0.249376559,0,0,0,0,0,0,0.748129676,0,0,0.249376559,1.246882793,0,0,0.249376559,0,3.990024938,2.244389027,0,0,1.74563591,0,0.249376559,0,0,0,1.496259352,0,0,0,0,0.249376559,0,0,0,0,0,2.244389027,0,0,0,0.249376559,0,0.249376559,0,0,0.997506234,0,0,0,0,0,0,0,0,2.244389027,0,0,0,1.496259352,0,0,0,0,0.748129676,0,0,0,0,0,0,0,0,0,0,0,0.249376559,0.997506234,0,0.498753117,0,2.493765586,1.995012469,0.249376559,0,0.748129676,0,3.241895262,6.982543641,5.735660848,0.748129676,0.498753117,4.738154613,0.997506234,0,0,1.496259352,0.498753117,0.748129676,0.748129676,0.249376559,0,0,0,0,0
1.860465116,0,0,0,0,0,0.465116279,5.348837209,0,0,0,1.860465116,0.697674419,2.093023256,3.023255814,0.930232558,2.325581395,0,0,0,0,0,0,0,0,0,0,0,0,0,11.39534884,0,0,0,0,2.325581395,0.697674419,0,0,0,8.139534884,0.23255814,4.186046512,0,0,0,0,0,0,0,0,0,0,1.395348837,0.697674419,0,0,0,0,0,0,0,0,0.23255814,1.860465116,0,0,0,0,0.465116279,0,0,0,0,0,0.697674419,0,0,0,0,0,0,0,0,0,0.23255814,0,0.930232558,0,0,0,0,0,0,0,0,12.09302326,0,0,0,0.23255814,2.325581395,0,0,0,0.23255814,0,0.23255814,0,0,0,6.046511628,0,0,0,0,0,0,0,0,0,0,0.697674419,0,0,0,0,0,0,0,0,0,0.23255814,0,0,0,0,0.697674419,0,0,0,0,0,0,0.23255814,0,0,0,0,0.23255814,0,0,0,0,0,0,0,0,0,0,0,0,0,0,0,0,0,0.465116279,0,0,6.744186047,7.209302326,0,0.465116279,0.465116279,0,0,0,2.558139535,0,0,2.558139535,0.23255814,0.23255814,0,0,0,0,0,0,0
